feature,importance
homeTeam,22.75534850530635
awayTeam,17.63395083706799
capacity,11.15607219555478
hours_until_game,10.255918813831629
kickoff_hour,9.450794348088099
home_last_point_diff_at_snapshot,8.870899061869574
week,7.066381661293149
away_last_point_diff_at_snapshot,6.2891378653550305
homeConference,4.948248152442484
homeTeamRank,1.5732485591909355
season_year,0.0
