feature,importance
homeTeam,24.039734271669133
hours_until_game,11.879818766462046
awayTeam,11.2960621713273
capacity,10.561388281467284
week,9.419358827774435
kickoff_hour,9.092682628619771
away_last_point_diff_at_snapshot,8.562387001970066
home_last_point_diff_at_snapshot,8.49135206655182
homeConference,6.088899311922142
homeTeamRank,0.5683166722359885
season_year,0.0
