feature,importance
homeTeam,25.52962468940168
awayTeam,13.678838459867164
capacity,11.283178647595616
hours_until_game,9.899770835454515
home_last_point_diff_at_snapshot,9.638678816142592
kickoff_hour,9.55401127447179
week,7.2736838499957095
away_last_point_diff_at_snapshot,6.14890251978522
homeConference,4.0532300441274725
homeTeamRank,2.940080863158228
season_year,0.0
