id,season,week,seasonType,startDate,startTimeTBD,completed,neutralSite,conferenceGame,attendance,venueId,venue,homeId,homeTeam,homeClassification,homeConference,homePoints,homeLineScores,homePostgameWinProbability,homePregameElo,homePostgameElo,awayId,awayTeam,awayClassification,awayConference,awayPoints,awayLineScores,awayPostgameWinProbability,awayPregameElo,awayPostgameElo,excitementIndex,highlights,notes,playoff,startDateEastern,dayOfWeek,kickoffTimeStr,home_wins,home_losses,away_wins,away_losses,home_last_point_diff,away_last_point_diff,game_date,homeTeamRank,awayTeamRank,isRankedMatchup,capacity
401871090,2026,6,regular,2026-10-07 00:00:00+00:00,False,False,False,True,,3975,Veterans Memorial Stadium (AL),2653,Troy Trojans,fbs,Sun Belt,,,,1395,,2572,Southern Miss Golden Eagles,fbs,Sun Belt,,,,1227.0,,,,,,2026-10-06 20:00:00-04:00,Tuesday,2026-10-06 20:00:00-04:00,,,,,,,2026-10-07,,,False,30000.0
401871051,2026,6,regular,2026-10-07 23:00:00+00:00,False,False,False,True,,4899,Fifth Third Stadium,338,Kennesaw State Owls,fbs,Conference USA,,,,1284,,55,Jacksonville State Gamecocks,fbs,Conference USA,,,,1435.0,,,,,,2026-10-07 19:00:00-04:00,Wednesday,2026-10-07 19:00:00-04:00,,,,,,,2026-10-07,,,False,10200.0
401871066,2026,6,regular,2026-10-07 23:30:00+00:00,False,False,False,True,,2031,Pitbull Stadium,2229,Florida International Panthers,fbs,Conference USA,,,,1392,,166,New Mexico State Aggies,fbs,Conference USA,,,,1282.0,,,,,,2026-10-07 19:30:00-04:00,Wednesday,2026-10-07 19:30:00-04:00,,,,,,,2026-10-07,,,False,20000.0
401871052,2026,6,regular,2026-10-08 23:00:00+00:00,False,False,False,True,,3796,Houchens Industries-L.T. Smith Stadium,98,Western Kentucky Hilltoppers,fbs,Conference USA,,,,1191,,2623,Missouri State Bears,fbs,Conference USA,,,,1292.0,,,,,,2026-10-08 19:00:00-04:00,Thursday,2026-10-08 19:00:00-04:00,,,,,,,2026-10-08,,,False,22113.0
401870766,2026,6,regular,2026-10-08 23:00:00+00:00,False,False,False,True,,3992,Williams Stadium (VA),2335,Liberty Flames,fbs,Conference USA,,,,1725,,2534,Sam Houston State Bearkats,fbs,Conference USA,,,,1142.0,,,,,,2026-10-08 19:00:00-04:00,Thursday,2026-10-08 19:00:00-04:00,,,,,,,2026-10-08,,,False,25000.0
401862794,2026,6,regular,2026-10-08 23:30:00+00:00,False,False,False,True,,3604,Alamodome,2636,UTSA Roadrunners,fbs,American Athletic,,,,1504,,58,South Florida Bulls,fbs,American Athletic,,,,1623.0,,,,,,2026-10-08 19:30:00-04:00,Thursday,2026-10-08 19:30:00-04:00,,,,,,,2026-10-08,,,False,64000.0
401869933,2026,6,regular,2026-10-08 23:30:00+00:00,False,False,False,True,,3625,Centennial Bank Stadium,2032,Arkansas State Red Wolves,fbs,Sun Belt,,,,1321,,6,South Alabama Jaguars,fbs,Sun Belt,,,,1354.0,,,,,,2026-10-08 19:30:00-04:00,Thursday,2026-10-08 19:30:00-04:00,,,,,,,2026-10-08,,,False,30406.0
401858254,2026,6,regular,2026-10-09 23:00:00+00:00,False,False,False,True,,3873,L&N Federal Credit Union Stadium,97,Louisville Cardinals,fbs,ACC,,,,1671,,52,Florida State Seminoles,fbs,ACC,,,,1656.0,,,,,,2026-10-09 19:00:00-04:00,Friday,2026-10-09 19:00:00-04:00,,,,,,,2026-10-09,,,False,60800.0
401860922,2026,6,regular,2026-10-10 01:00:00+00:00,False,False,False,True,,3905,Maverik Stadium,328,Utah State Aggies,fbs,Pac-12,,,,1358,,265,Washington State Cougars,fbs,Pac-12,,,,1480.0,,,,,,2026-10-09 21:00:00-04:00,Friday,2026-10-09 21:00:00-04:00,,,,,,,2026-10-10,,,False,25513.0
401864519,2026,6,regular,2026-10-10 01:00:00+00:00,False,False,False,True,,3935,CEFCU Stadium,23,San Jose State Spartans,fbs,Mountain West,,,,1398,,2751,Wyoming Cowboys,fbs,Mountain West,,,,1280.0,,,,,,2026-10-09 21:00:00-04:00,Friday,2026-10-09 21:00:00-04:00,,,,,,,2026-10-10,,,False,18203.0
401858487,2026,6,regular,2026-10-10 01:00:00+00:00,False,False,False,True,,3765,Husky Stadium,264,Washington Huskies,fbs,Big Ten,,,,1734,,2294,Iowa Hawkeyes,fbs,Big Ten,,,,1821.0,,,,,,2026-10-09 21:00:00-04:00,Friday,2026-10-09 21:00:00-04:00,,,,,,,2026-10-10,,20.0,False,70083.0
401856826,2026,6,regular,2026-10-10 02:15:00+00:00,False,False,False,True,,3801,LaVell Edwards Stadium,252,BYU Cougars,fbs,Big 12,,,,1699,,66,Iowa State Cyclones,fbs,Big 12,,,,1669.0,,,,,,2026-10-09 22:15:00-04:00,Friday,2026-10-09 22:15:00-04:00,,,,,,,2026-10-10,8.0,,False,62073.0
401858481,2026,6,regular,2026-10-10 16:00:00+00:00,False,False,False,True,,3834,"Memorial Stadium (Lincoln, NE)",158,Nebraska Cornhuskers,fbs,Big Ten,,,,1751,,84,Indiana Hoosiers,fbs,Big Ten,,,,2114.0,,,,,,2026-10-10 12:00:00-04:00,Saturday,2026-10-10 12:00:00-04:00,,,,,,,2026-10-10,,7.0,False,85458.0
401856824,2026,6,regular,2026-10-10 16:00:00+00:00,False,False,False,True,,3646,Boone Pickens Stadium,197,Oklahoma State Cowboys,fbs,Big 12,,,,1330,,2116,UCF Knights,fbs,Big 12,,,,1488.0,,,,,,2026-10-10 12:00:00-04:00,Saturday,2026-10-10 12:00:00-04:00,,,,,,,2026-10-10,18.0,,False,52305.0
401858260,2026,6,regular,2026-10-10 16:00:00+00:00,False,False,False,True,,3670,Carter-Finley Stadium,152,North Carolina State Wolfpack,fbs,ACC,,,,1517,,154,Wake Forest Demon Deacons,fbs,ACC,,,,1669.0,,,,,,2026-10-10 12:00:00-04:00,Saturday,2026-10-10 12:00:00-04:00,,,,,,,2026-10-10,,,False,58000.0
401858256,2026,6,regular,2026-10-10 16:00:00+00:00,False,False,False,True,,3752,Acrisure Stadium,221,Pittsburgh Panthers,fbs,ACC,,,,1668,,153,North Carolina Tar Heels,fbs,ACC,,,,1426.0,,,,,,2026-10-10 12:00:00-04:00,Saturday,2026-10-10 12:00:00-04:00,,,,,,,2026-10-10,25.0,,False,68400.0
401856716,2026,6,regular,2026-10-10 16:00:00+00:00,False,False,False,True,,3838,Memorial Stadium,142,Missouri Tigers,fbs,SEC,,,,1761,,245,Texas A&M Aggies,fbs,SEC,,,,1786.0,,,,,,2026-10-10 12:00:00-04:00,Saturday,2026-10-10 12:00:00-04:00,,,,,,,2026-10-10,14.0,,False,71168.0
401862795,2026,6,regular,2026-10-10 16:00:00+00:00,False,False,False,True,,3841,Michie Stadium,349,Army West Point Black Knights,fbs,American Athletic,,,,1522,,2655,Tulane Green Wave,fbs,American Athletic,,,,1517.0,,,,,,2026-10-10 12:00:00-04:00,Saturday,2026-10-10 12:00:00-04:00,,,,,,,2026-10-10,,,False,38000.0
401856823,2026,6,regular,2026-10-10 16:00:00+00:00,False,False,False,True,,3842,Milan Puskar Stadium,277,West Virginia Mountaineers,fbs,Big 12,,,,1355,,12,Arizona Wildcats,fbs,Big 12,,,,1702.0,,,,,,2026-10-10 12:00:00-04:00,Saturday,2026-10-10 12:00:00-04:00,,,,,,,2026-10-10,,,False,60000.0
401866436,2026,6,regular,2026-10-10 16:00:00+00:00,False,False,False,True,,3700,Doyt L. Perry Stadium,189,Bowling Green State Falcons,fbs,Mid-American,,,,1170,,16,Sacramento State Hornets,fbs,Mid-American,,,,1185.0,,,,,,2026-10-10 12:00:00-04:00,Saturday,2026-10-10 12:00:00-04:00,,,,,,,2026-10-10,,,False,33572.0
401858482,2026,6,regular,2026-10-10 16:30:00+00:00,False,False,False,False,,11823,Ryan Field,77,Northwestern Wildcats,fbs,Big Ten,,,,1720,,2050,Ball State Cardinals,fbs,Mid-American,,,,1065.0,,,,,,2026-10-10 12:30:00-04:00,Saturday,2026-10-10 12:30:00-04:00,,,,,,,2026-10-10,,,False,47130.0
401856714,2026,6,regular,2026-10-10 16:45:00+00:00,False,False,False,True,,3634,Ben Hill Griffin Stadium,57,Florida Gators,fbs,SEC,,,,1669,,2579,South Carolina Gamecocks,fbs,SEC,,,,1649.0,,,,,,2026-10-10 12:45:00-04:00,Saturday,2026-10-10 12:45:00-04:00,,,,,,,2026-10-10,16.0,,False,88548.0
401869843,2026,6,regular,2026-10-10 17:00:00+00:00,False,False,False,True,,3792,Kidd Brewer Stadium,2026,Appalachian State Mountaineers,fbs,Sun Belt,,,,1320,,295,Old Dominion Monarchs,fbs,Sun Belt,,,,1197.0,,,,,,2026-10-10 13:00:00-04:00,Saturday,2026-10-10 13:00:00-04:00,,,,,,,2026-10-10,,,False,30000.0
401866440,2026,6,regular,2026-10-10 18:00:00+00:00,False,False,False,True,,3985,Warren McGuirk Alumni Stadium,113,UMass Minutemen,fbs,Mid-American,,,,1124,,193,Miami (OH) RedHawks,fbs,Mid-American,,,,1253.0,,,,,,2026-10-10 14:00:00-04:00,Saturday,2026-10-10 14:00:00-04:00,,,,,,,2026-10-10,,,False,17000.0
401858480,2026,6,regular,2026-10-10 19:30:00+00:00,False,False,False,True,,3936,Spartan Stadium,127,Michigan State Spartans,fbs,Big Ten,,,,1449,,356,Illinois Fighting Illini,fbs,Big Ten,,,,1539.0,,,,,,2026-10-10 15:30:00-04:00,Saturday,2026-10-10 15:30:00-04:00,,,,,,,2026-10-10,,,False,74866.0
401862799,2026,6,regular,2026-10-10 19:30:00+00:00,False,False,False,True,,3852,Navy-Marine Corps Memorial Stadium,2426,Navy Midshipmen,fbs,American Athletic,,,,1498,,202,Tulsa Golden Hurricane,fbs,American Athletic,,,,1238.0,,,,,,2026-10-10 15:30:00-04:00,Saturday,2026-10-10 15:30:00-04:00,,,,,,,2026-10-10,,,False,34000.0
401866438,2026,6,regular,2026-10-10 19:30:00+00:00,False,False,False,True,,3876,Peden Stadium,195,Ohio Bobcats,fbs,Mid-American,,,,1307,,2117,Central Michigan Chippewas,fbs,Mid-American,,,,1248.0,,,,,,2026-10-10 15:30:00-04:00,Saturday,2026-10-10 15:30:00-04:00,,,,,,,2026-10-10,,,False,24000.0
401858484,2026,6,regular,2026-10-10 19:30:00+00:00,False,False,False,True,,3626,Autzen Stadium,2483,Oregon Ducks,fbs,Big Ten,,,,1844,,26,UCLA Bruins,fbs,Big Ten,,,,1660.0,,,,,,2026-10-10 15:30:00-04:00,Saturday,2026-10-10 15:30:00-04:00,,,,,,,2026-10-10,13.0,21.0,True,54000.0
401856718,2026,6,regular,2026-10-10 19:30:00+00:00,False,False,False,True,,3973,FirstBank Stadium,238,Vanderbilt Commodores,fbs,SEC,,,,1702,,145,Mississippi Rebels,fbs,SEC,,,,1776.0,,,,,,2026-10-10 15:30:00-04:00,Saturday,2026-10-10 15:30:00-04:00,,,,,,,2026-10-10,,9.0,False,40350.0
401856717,2026,6,regular,2026-10-10 19:30:00+00:00,False,False,True,True,,499,Cotton Bowl,201,Oklahoma Sooners,fbs,SEC,,,,1731,,251,Texas Longhorns,fbs,SEC,,,,1930.0,,,,,,2026-10-10 15:30:00-04:00,Saturday,2026-10-10 15:30:00-04:00,,,,,,,2026-10-10,,1.0,False,92100.0
401858255,2026,6,regular,2026-10-10 19:30:00+00:00,False,False,False,True,,721,Bobby Dodd Stadium,59,Georgia Tech Yellow Jackets,fbs,ACC,,,,1493,,150,Duke Blue Devils,fbs,ACC,,,,1656.0,,,,,,2026-10-10 15:30:00-04:00,Saturday,2026-10-10 15:30:00-04:00,,,,,,,2026-10-10,,,False,55000.0
401858257,2026,6,regular,2026-10-10 19:30:00+00:00,False,False,False,False,,3855,Notre Dame Stadium,87,Notre Dame Fighting Irish,fbs,FBS Independents,,,,2054,,24,Stanford Cardinal,fbs,ACC,,,,1194.0,,,,,,2026-10-10 15:30:00-04:00,Saturday,2026-10-10 15:30:00-04:00,,,,,,,2026-10-10,3.0,,False,77622.0
401856825,2026,6,regular,2026-10-10 19:30:00+00:00,False,False,False,True,,3636,Bill Snyder Family Stadium,2306,Kansas State Wildcats,fbs,Big 12,,,,1679,,248,Houston Cougars,fbs,Big 12,,,,1550.0,,,,,,2026-10-10 15:30:00-04:00,Saturday,2026-10-10 15:30:00-04:00,,,,,,,2026-10-10,,22.0,False,50000.0
401866435,2026,6,regular,2026-10-10 19:30:00+00:00,False,False,False,True,,3768,InfoCision Stadium,2006,Akron Zips,fbs,Mid-American,,,,862,,2199,Eastern Michigan Eagles,fbs,Mid-American,,,,1252.0,,,,,,2026-10-10 15:30:00-04:00,Saturday,2026-10-10 15:30:00-04:00,,,,,,,2026-10-10,,,False,30000.0
401866437,2026,6,regular,2026-10-10 19:30:00+00:00,False,False,False,True,,3739,Glass Bowl,2649,Toledo Rockets,fbs,Mid-American,,,,1598,,2084,Buffalo Bulls,fbs,Mid-American,,,,1294.0,,,,,,2026-10-10 15:30:00-04:00,Saturday,2026-10-10 15:30:00-04:00,,,,,,,2026-10-10,,,False,26038.0
401862796,2026,6,regular,2026-10-10 19:30:00+00:00,False,False,False,True,,3825,DATCU Stadium,249,North Texas Mean Green,fbs,American Athletic,,,,1629,,2429,Charlotte,fbs,American Athletic,,,,1022.0,,,,,,2026-10-10 15:30:00-04:00,Saturday,2026-10-10 15:30:00-04:00,,,,,,,2026-10-10,,,False,30100.0
401858259,2026,6,regular,2026-10-10 19:30:00+00:00,False,False,False,True,,3831,California Memorial Stadium,25,California Golden Bears,fbs,ACC,,,,1335,,259,Virginia Tech Hokies,fbs,ACC,,,,1501.0,,,,,,2026-10-10 15:30:00-04:00,Saturday,2026-10-10 15:30:00-04:00,,,,,,,2026-10-10,,,False,62467.0
401866439,2026,6,regular,2026-10-10 19:30:00+00:00,False,False,False,True,,3980,Waldo Stadium,2711,Western Michigan Broncos,fbs,Mid-American,,,,1457,,2309,Kent State Golden Flashes,fbs,Mid-American,,,,1050.0,,,,,,2026-10-10 15:30:00-04:00,Saturday,2026-10-10 15:30:00-04:00,,,,,,,2026-10-10,,,False,36361.0
401861964,2026,6,regular,2026-10-10 19:45:00+00:00,False,False,False,False,,3806,Lincoln Financial Field,218,Temple Owls,fbs,American Athletic,,,,1365,,41,UConn Huskies,fbs,FBS Independents,,,,1460.0,,,,,,2026-10-10 15:45:00-04:00,Saturday,2026-10-10 15:45:00-04:00,,,,,,,2026-10-10,,,False,67594.0
401862797,2026,6,regular,2026-10-10 20:00:00+00:00,False,False,False,True,,3699,Dowdy-Ficklen Stadium,151,East Carolina Pirates,fbs,American Athletic,,,,1456,,242,Rice Owls,fbs,American Athletic,,,,1184.0,,,,,,2026-10-10 16:00:00-04:00,Saturday,2026-10-10 16:00:00-04:00,,,,,,,2026-10-10,,,False,50000.0
401856713,2026,6,regular,2026-10-10 20:15:00+00:00,False,False,False,True,,3887,Razorback Stadium,8,Arkansas Razorbacks,fbs,SEC,,,,1472,,2633,Tennessee Volunteers,fbs,SEC,,,,1786.0,,,,,,2026-10-10 16:15:00-04:00,Saturday,2026-10-10 16:15:00-04:00,,,,,,,2026-10-10,,15.0,False,80000.0
401858483,2026,6,regular,2026-10-10 20:15:00+00:00,False,False,False,True,,3861,Ohio Stadium,194,Ohio State Buckeyes,fbs,Big Ten,,,,2064,,120,Maryland Terrapins,fbs,Big Ten,,,,1297.0,,,,,,2026-10-10 16:15:00-04:00,Saturday,2026-10-10 16:15:00-04:00,,,,,,,2026-10-10,5.0,,False,102780.0
401860902,2026,6,regular,2026-10-10 22:00:00+00:00,False,False,False,True,,3893,Reser Stadium,204,Oregon State Beavers,fbs,Pac-12,,,,1418,,21,San Diego State Aztecs,fbs,Pac-12,,,,1417.0,,,,,,2026-10-10 18:00:00-04:00,Saturday,2026-10-10 18:00:00-04:00,,,,,,,2026-10-10,,,False,35548.0
401869943,2026,6,regular,2026-10-10 23:00:00+00:00,False,False,False,True,,3775,Joan C. Edwards Stadium,276,Marshall Thundering Herd,fbs,Sun Belt,,,,1363,,324,Coastal Carolina Chanticleers,fbs,Sun Belt,,,,1262.0,,,,,,2026-10-10 19:00:00-04:00,Saturday,2026-10-10 19:00:00-04:00,,,,,,,2026-10-10,,,False,30475.0
401864517,2026,6,regular,2026-10-10 23:00:00+00:00,False,False,False,True,,3946,Sun Bowl,2638,UTEP Miners,fbs,Mountain West,,,,984,,2440,Nevada Wolf Pack,fbs,Mountain West,,,,1435.0,,,,,,2026-10-10 19:00:00-04:00,Saturday,2026-10-10 19:00:00-04:00,,,,,,,2026-10-10,,,False,51500.0
401856715,2026,6,regular,2026-10-10 23:00:00+00:00,False,False,False,True,,3683,Kroger Field,96,Kentucky Wildcats,fbs,SEC,,,,1559,,99,LSU Tigers,fbs,SEC,,,,1868.0,,,,,,2026-10-10 19:00:00-04:00,Saturday,2026-10-10 19:00:00-04:00,,,,,,,2026-10-10,,10.0,False,61000.0
401862798,2026,6,regular,2026-10-10 23:00:00+00:00,False,False,False,True,,3805,Simmons Bank Liberty Stadium,235,Memphis Tigers,fbs,American Athletic,,,,1627,,5,UAB Blazers,fbs,American Athletic,,,,1400.0,,,,,,2026-10-10 19:00:00-04:00,Saturday,2026-10-10 19:00:00-04:00,,,,,,,2026-10-10,,,False,50000.0
401864518,2026,6,regular,2026-10-10 23:00:00+00:00,False,False,False,True,,6501,Allegiant Stadium,2439,UNLV Rebels,fbs,Mountain West,,,,1494,,2449,North Dakota State,fbs,Mountain West,,,,1636.0,,,,,,2026-10-10 19:00:00-04:00,Saturday,2026-10-10 19:00:00-04:00,,,,,,,2026-10-10,,,False,65000.0
401864516,2026,6,regular,2026-10-10 23:30:00+00:00,False,False,False,True,,3764,Huskie Stadium,2459,Northern Illinois Huskies,fbs,Mountain West,,,,1194,,2005,Air Force Falcons,fbs,Mountain West,,,,1437.0,,,,,,2026-10-10 19:30:00-04:00,Saturday,2026-10-10 19:30:00-04:00,,,,,,,2026-10-10,,,False,23595.0
401856712,2026,6,regular,2026-10-10 23:30:00+00:00,False,False,False,True,,3657,Bryant-Denny Stadium,333,Alabama Crimson Tide,fbs,SEC,,,,1991,,61,Georgia Bulldogs,fbs,SEC,,,,2052.0,,,,,,2026-10-10 19:30:00-04:00,Saturday,2026-10-10 19:30:00-04:00,,,,,,,2026-10-10,6.0,2.0,True,101821.0
401858258,2026,6,regular,2026-10-10 23:30:00+00:00,False,False,False,True,,3923,Scott Stadium,258,Virginia Cavaliers,fbs,ACC,,,,1595,,183,Syracuse Orange,fbs,ACC,,,,1300.0,,,,,,2026-10-10 19:30:00-04:00,Saturday,2026-10-10 19:30:00-04:00,,,,,,,2026-10-10,,,False,61500.0
401858485,2026,6,regular,2026-10-10 23:30:00+00:00,False,False,False,True,,3632,Beaver Stadium,213,Penn State Nittany Lions,fbs,Big Ten,,,,1821,,30,USC Trojans,fbs,Big Ten,,,,1785.0,,,,,,2026-10-10 19:30:00-04:00,Saturday,2026-10-10 19:30:00-04:00,,,,,,,2026-10-10,,19.0,False,106572.0
401869949,2026,6,regular,2026-10-10 23:30:00+00:00,False,False,False,True,,3608,Allen E. Paulson Stadium,290,Georgia Southern Eagles,fbs,Sun Belt,,,,1349,,256,James Madison Dukes,fbs,Sun Belt,,,,1821.0,,,,,,2026-10-10 19:30:00-04:00,Saturday,2026-10-10 19:30:00-04:00,,,,,,,2026-10-10,,,False,25000.0
401869965,2026,6,regular,2026-10-10 23:30:00+00:00,False,False,False,True,,3776,Joe Aillet Stadium,2348,Louisiana Tech Bulldogs,fbs,Sun Belt,,,,1379,,309,Louisiana Lafayette Ragin Cajuns,fbs,Sun Belt,,,,1442.0,,,,,,2026-10-10 19:30:00-04:00,Saturday,2026-10-10 19:30:00-04:00,,,,,,,2026-10-10,,,False,28562.0
401858486,2026,6,regular,2026-10-11 00:00:00+00:00,False,False,False,True,,3907,Ross-Ade Stadium,2509,Purdue Boilermakers,fbs,Big Ten,,,,1326,,135,Minnesota Golden Gophers,fbs,Big Ten,,,,1526.0,,,,,,2026-10-10 20:00:00-04:00,Saturday,2026-10-10 20:00:00-04:00,,,,,,,2026-10-11,,,False,61441.0
401856808,2026,6,regular,2026-10-11 01:30:00+00:00,False,False,False,False,,3947,Mountain America Stadium,9,Arizona State Sun Devils,fbs,Big 12,,,,1429,,62,Hawaii Rainbow Warriors,fbs,Mountain West,,,,1373.0,,,,,,2026-10-10 21:30:00-04:00,Saturday,2026-10-10 21:30:00-04:00,,,,,,,2026-10-11,,,False,65870.0
401856827,2026,6,regular,2026-10-11 02:15:00+00:00,False,False,False,True,,587,Rice-Eccles Stadium,254,Utah Utes,fbs,Big 12,,,,1918,,2305,Kansas Jayhawks,fbs,Big 12,,,,1625.0,,,,,,2026-10-10 22:15:00-04:00,Saturday,2026-10-10 22:15:00-04:00,,,,,,,2026-10-11,12.0,,False,51444.0
401860901,2026,6,regular,2026-10-11 02:30:00+00:00,False,False,False,True,,3660,Valley Children's Stadium,278,Fresno State Bulldogs,fbs,Pac-12,,,,1645,,68,Boise State Broncos,fbs,Pac-12,,,,1681.0,,,,,,2026-10-10 22:30:00-04:00,Saturday,2026-10-10 22:30:00-04:00,,,,,,,2026-10-11,,23.0,False,40727.0
401871067,2026,7,regular,2026-10-13 23:00:00+00:00,False,False,False,True,,3725,"Johnny ""Red"" Floyd Stadium",2393,Middle Tennessee Blue Raiders,fbs,Conference USA,,,,1146,,48,Delaware Blue Hens,fbs,Conference USA,,,,1328.0,,,,,,2026-10-13 19:00:00-04:00,Tuesday,2026-10-13 19:00:00-04:00,,,,,,,2026-10-13,,,False,27303.0
401871053,2026,7,regular,2026-10-14 00:00:00+00:00,False,False,False,True,,3662,AmFirst Stadium,55,Jacksonville State Gamecocks,fbs,Conference USA,,,,1435,,2229,Florida International Panthers,fbs,Conference USA,,,,1392.0,,,,,,2026-10-13 20:00:00-04:00,Tuesday,2026-10-13 20:00:00-04:00,,,,,,,2026-10-14,,,False,24000.0
401871054,2026,7,regular,2026-10-14 23:30:00+00:00,False,False,False,True,,3878,Plaster Sports Complex,2623,Missouri State Bears,fbs,Conference USA,,,,1292,,338,Kennesaw State Owls,fbs,Conference USA,,,,1284.0,,,,,,2026-10-14 19:30:00-04:00,Wednesday,2026-10-14 19:30:00-04:00,,,,,,,2026-10-14,,,False,17337.0
401871068,2026,7,regular,2026-10-15 00:00:00+00:00,False,False,False,True,,3647,Elliott T. Bowers Stadium,2534,Sam Houston State Bearkats,fbs,Conference USA,,,,1142,,98,Western Kentucky Hilltoppers,fbs,Conference USA,,,,1191.0,,,,,,2026-10-14 20:00:00-04:00,Wednesday,2026-10-14 20:00:00-04:00,,,,,,,2026-10-15,,,False,14000.0
401869950,2026,7,regular,2026-10-15 23:30:00+00:00,False,False,False,True,,3918,S.B. Ballard Stadium,295,Old Dominion Monarchs,fbs,Sun Belt,,,,1197,,290,Georgia Southern Eagles,fbs,Sun Belt,,,,1349.0,,,,,,2026-10-15 19:30:00-04:00,Thursday,2026-10-15 19:30:00-04:00,,,,,,,2026-10-15,,,False,20118.0
401862800,2026,7,regular,2026-10-15 23:30:00+00:00,False,False,False,True,,7221,Protective Stadium,5,UAB Blazers,fbs,American Athletic,,,,1400,,151,East Carolina Pirates,fbs,American Athletic,,,,1456.0,,,,,,2026-10-15 19:30:00-04:00,Thursday,2026-10-15 19:30:00-04:00,,,,,,,2026-10-15,,,False,47100.0
401860923,2026,7,regular,2026-10-16 00:00:00+00:00,False,False,False,True,,3644,Bobcat Stadium (TX),326,Texas State Bobcats,fbs,Pac-12,,,,1489,,36,Colorado State Rams,fbs,Pac-12,,,,1233.0,,,,,,2026-10-15 20:00:00-04:00,Thursday,2026-10-15 20:00:00-04:00,,,,,,,2026-10-16,,,False,30000.0
401862801,2026,7,regular,2026-10-16 23:30:00+00:00,False,False,False,True,,4729,Yulman Stadium,2655,Tulane Green Wave,fbs,American Athletic,,,,1517,,235,Memphis Tigers,fbs,American Athletic,,,,1627.0,,,,,,2026-10-16 19:30:00-04:00,Friday,2026-10-16 19:30:00-04:00,,,,,,,2026-10-16,,,False,30000.0
401858493,2026,7,regular,2026-10-17 00:00:00+00:00,False,False,False,True,,3907,Ross-Ade Stadium,2509,Purdue Boilermakers,fbs,Big Ten,,,,1326,,264,Washington Huskies,fbs,Big Ten,,,,1734.0,,,,,,2026-10-16 20:00:00-04:00,Friday,2026-10-16 20:00:00-04:00,,,,,,,2026-10-17,,,False,61441.0
401869844,2026,7,regular,2026-10-17 00:00:00+00:00,False,False,False,True,,3654,Brooks Stadium (SC),324,Coastal Carolina Chanticleers,fbs,Sun Belt,,,,1262,,2026,Appalachian State Mountaineers,fbs,Sun Belt,,,,1320.0,,,,,,2026-10-16 20:00:00-04:00,Friday,2026-10-16 20:00:00-04:00,,,,,,,2026-10-17,,,False,21000.0
401866478,2026,7,regular,2026-10-17 04:00:00+00:00,True,False,False,True,,3996,Yager Stadium,193,Miami (OH) RedHawks,fbs,Mid-American,,,,1253,,2006,Akron Zips,fbs,Mid-American,,,,862.0,,,,,,2026-10-17 00:00:00-04:00,Saturday,,,,,,,,2026-10-17,,,False,24286.0
401858269,2026,7,regular,2026-10-17 04:00:00+00:00,True,False,False,True,,3831,California Memorial Stadium,25,California Golden Bears,fbs,ACC,,,,1335,,154,Wake Forest Demon Deacons,fbs,ACC,,,,1669.0,,,,,,2026-10-17 00:00:00-04:00,Saturday,,,,,,,,2026-10-17,,,False,62467.0
401856719,2026,7,regular,2026-10-17 04:00:00+00:00,True,False,False,True,,3917,Sanford Stadium,61,Georgia Bulldogs,fbs,SEC,,,,2052,,2,Auburn Tigers,fbs,SEC,,,,1669.0,,,,AFTERNOON: 3:30 - 4:30pm ET start,,2026-10-17 00:00:00-04:00,Saturday,,,,,,,,2026-10-17,2.0,,False,93033.0
401869957,2026,7,regular,2026-10-17 04:00:00+00:00,True,False,False,True,,3651,Bridgeforth Stadium,256,James Madison Dukes,fbs,Sun Belt,,,,1821,,2247,Georgia State Panthers,fbs,Sun Belt,,,,1402.0,,,,,,2026-10-17 00:00:00-04:00,Saturday,,,,,,,,2026-10-17,,,False,24877.0
401869966,2026,7,regular,2026-10-17 04:00:00+00:00,True,False,False,True,,3666,Cajun Field,309,Louisiana Lafayette Ragin Cajuns,fbs,Sun Belt,,,,1442,,2653,Troy Trojans,fbs,Sun Belt,,,,1395.0,,,,,,2026-10-17 00:00:00-04:00,Saturday,,,,,,,,2026-10-17,,,False,30000.0
401856832,2026,7,regular,2026-10-17 04:00:00+00:00,True,False,False,True,,4727,McLane Stadium,239,Baylor Bears,fbs,Big 12,,,,1643,,2628,TCU Horned Frogs,fbs,Big 12,,,,1600.0,,,,,,2026-10-17 00:00:00-04:00,Saturday,,,,,,,,2026-10-17,,,False,45140.0
401858266,2026,7,regular,2026-10-17 04:00:00+00:00,True,False,False,True,,3982,Wallace Wade Stadium,150,Duke Blue Devils,fbs,ACC,,,,1656,,153,North Carolina Tar Heels,fbs,ACC,,,,1426.0,,,,,,2026-10-17 00:00:00-04:00,Saturday,,,,,,,,2026-10-17,,,False,40004.0
401856829,2026,7,regular,2026-10-17 04:00:00+00:00,True,False,False,True,,3842,Milan Puskar Stadium,277,West Virginia Mountaineers,fbs,Big 12,,,,1355,,2132,Cincinnati Bearcats,fbs,Big 12,,,,1469.0,,,,,,2026-10-17 00:00:00-04:00,Saturday,,,,,,,,2026-10-17,,,False,60000.0
401856726,2026,7,regular,2026-10-17 04:00:00+00:00,True,False,False,True,,3973,FirstBank Stadium,238,Vanderbilt Commodores,fbs,SEC,,,,1702,,8,Arkansas Razorbacks,fbs,SEC,,,,1472.0,,,,FLEX: 3:30 - 4:30pm OR 6 - 8pm ET start,,2026-10-17 00:00:00-04:00,Saturday,,,,,,,,2026-10-17,,,False,40350.0
401856721,2026,7,regular,2026-10-17 04:00:00+00:00,True,False,False,True,,3974,Vaught-Hemingway Stadium,145,Mississippi Rebels,fbs,SEC,,,,1776,,142,Missouri Tigers,fbs,SEC,,,,1761.0,,,,AFTERNOON: 3:30 - 4:30pm ET start,,2026-10-17 00:00:00-04:00,Saturday,,,,,,,,2026-10-17,9.0,14.0,True,64038.0
401856809,2026,7,regular,2026-10-17 04:00:00+00:00,True,False,False,False,,3801,LaVell Edwards Stadium,252,BYU Cougars,fbs,Big 12,,,,1699,,87,Notre Dame Fighting Irish,fbs,FBS Independents,,,,2054.0,,,,,,2026-10-17 00:00:00-04:00,Saturday,,,,,,,,2026-10-17,8.0,3.0,True,62073.0
401869934,2026,7,regular,2026-10-17 04:00:00+00:00,True,False,False,True,,3815,M. M. Roberts Stadium,2572,Southern Miss Golden Eagles,fbs,Sun Belt,,,,1227,,2032,Arkansas State Red Wolves,fbs,Sun Belt,,,,1321.0,,,,,,2026-10-17 00:00:00-04:00,Saturday,,,,,,,,2026-10-17,,,False,36000.0
401856724,2026,7,regular,2026-10-17 04:00:00+00:00,True,False,False,True,,3910,DKR-Texas Memorial Stadium,251,Texas Longhorns,fbs,SEC,,,,1930,,57,Florida Gators,fbs,SEC,,,,1669.0,,,,EARLY: Noon - 1pm ET start,,2026-10-17 00:00:00-04:00,Saturday,,,,,,,,2026-10-17,1.0,16.0,True,100119.0
401856723,2026,7,regular,2026-10-17 04:00:00+00:00,True,False,False,True,,3853,Neyland Stadium,2633,Tennessee Volunteers,fbs,SEC,,,,1786,,333,Alabama Crimson Tide,fbs,SEC,,,,1991.0,,,,FLEX: 3:30 - 4:30pm OR 6 - 8pm ET start,,2026-10-17 00:00:00-04:00,Saturday,,,,,,,,2026-10-17,15.0,6.0,True,101915.0
401856720,2026,7,regular,2026-10-17 04:00:00+00:00,True,False,False,True,,3958,Tiger Stadium (LA),99,LSU Tigers,fbs,SEC,,,,1868,,344,Mississippi State Bulldogs,fbs,SEC,,,,1612.0,,,,EARLY: Noon - 1pm ET start,,2026-10-17 00:00:00-04:00,Saturday,,,,,,,,2026-10-17,10.0,17.0,True,102321.0
401858494,2026,7,regular,2026-10-17 04:00:00+00:00,True,False,False,True,,1056,Rose Bowl,26,UCLA Bruins,fbs,Big Ten,,,,1660,,275,Wisconsin Badgers,fbs,Big Ten,,,,1673.0,,,,,,2026-10-17 00:00:00-04:00,Saturday,,,,,,,,2026-10-17,21.0,,False,88565.0
401856833,2026,7,regular,2026-10-17 04:00:00+00:00,True,False,False,True,,3726,Folsom Field,38,Colorado Buffaloes,fbs,Big 12,,,,1325,,254,Utah Utes,fbs,Big 12,,,,1918.0,,,,,,2026-10-17 00:00:00-04:00,Saturday,,,,,,,,2026-10-17,,12.0,False,50183.0
401858264,2026,7,regular,2026-10-17 04:00:00+00:00,True,False,False,True,,3799,Lane Stadium,259,Virginia Tech Hokies,fbs,ACC,,,,1501,,59,Georgia Tech Yellow Jackets,fbs,ACC,,,,1493.0,,,,,,2026-10-17 00:00:00-04:00,Saturday,,,,,,,,2026-10-17,,,False,65632.0
401858265,2026,7,regular,2026-10-17 04:00:00+00:00,True,False,False,True,,1964,JMA Wireless Dome,183,Syracuse Orange,fbs,ACC,,,,1300,,97,Louisville Cardinals,fbs,ACC,,,,1671.0,,,,,,2026-10-17 00:00:00-04:00,Saturday,,,,,,,,2026-10-17,,,False,42784.0
401858267,2026,7,regular,2026-10-17 04:00:00+00:00,True,False,False,True,,3615,"Alumni Stadium (Chestnut Hill, MA)",103,Boston College Eagles,fbs,ACC,,,,1381,,221,Pittsburgh Panthers,fbs,ACC,,,,1668.0,,,,,,2026-10-17 00:00:00-04:00,Saturday,,,,,,,,2026-10-17,,25.0,False,44500.0
401858268,2026,7,regular,2026-10-17 04:00:00+00:00,True,False,False,True,,3735,Gerald J. Ford Stadium,2567,Southern Methodist (SMU) Mustangs,fbs,ACC,,,,1689,,258,Virginia Cavaliers,fbs,ACC,,,,1595.0,,,,,,2026-10-17 00:00:00-04:00,Saturday,,,,,,,,2026-10-17,24.0,,False,32000.0
401858488,2026,7,regular,2026-10-17 04:00:00+00:00,True,False,False,True,,3830,"Memorial Stadium (Bloomington, IN)",84,Indiana Hoosiers,fbs,Big Ten,,,,2114,,194,Ohio State Buckeyes,fbs,Big Ten,,,,2064.0,,,,,,2026-10-17 00:00:00-04:00,Saturday,,,,,,,,2026-10-17,7.0,5.0,True,52656.0
401856828,2026,7,regular,2026-10-17 04:00:00+00:00,True,False,False,True,,3784,Jones AT&T Stadium,2641,Texas Tech Red Raiders,fbs,Big 12,,,,1862,,9,Arizona State Sun Devils,fbs,Big 12,,,,1429.0,,,,,,2026-10-17 00:00:00-04:00,Saturday,,,,,,,,2026-10-17,11.0,,False,60454.0
401862806,2026,7,regular,2026-10-17 04:00:00+00:00,True,False,False,False,,3886,Raymond James Stadium,58,South Florida Bulls,fbs,American Athletic,,,,1623,,2309,Kent State Golden Flashes,fbs,Mid-American,,,,1050.0,,,,,,2026-10-17 00:00:00-04:00,Saturday,,,,,,,,2026-10-17,,,False,65857.0
401858489,2026,7,regular,2026-10-17 04:00:00+00:00,True,False,False,True,,3665,SECU Stadium,120,Maryland Terrapins,fbs,Big Ten,,,,1297,,164,Rutgers Scarlet Knights,fbs,Big Ten,,,,1383.0,,,,,,2026-10-17 00:00:00-04:00,Saturday,,,,,,,,2026-10-17,,,False,46185.0
401858490,2026,7,regular,2026-10-17 04:00:00+00:00,True,False,False,True,,3558,Michigan Stadium,130,Michigan Wolverines,fbs,Big Ten,,,,1719,,213,Penn State Nittany Lions,fbs,Big Ten,,,,1821.0,,,,,,2026-10-17 00:00:00-04:00,Saturday,,,,,,,,2026-10-17,,,False,107601.0
401866443,2026,7,regular,2026-10-17 04:00:00+00:00,True,False,False,True,,3786,Kelly/Shorts Stadium,2117,Central Michigan Chippewas,fbs,Mid-American,,,,1248,,2711,Western Michigan Broncos,fbs,Mid-American,,,,1457.0,,,,,,2026-10-17 00:00:00-04:00,Saturday,,,,,,,,2026-10-17,,,False,30255.0
401858492,2026,7,regular,2026-10-17 04:00:00+00:00,True,False,False,True,,3626,Autzen Stadium,2483,Oregon Ducks,fbs,Big Ten,,,,1844,,158,Nebraska Cornhuskers,fbs,Big Ten,,,,1751.0,,,,,,2026-10-17 00:00:00-04:00,Saturday,,,,,,,,2026-10-17,13.0,,False,54000.0
401862803,2026,7,regular,2026-10-17 04:00:00+00:00,True,False,False,True,,3806,Lincoln Financial Field,218,Temple Owls,fbs,American Athletic,,,,1365,,2429,Charlotte,fbs,American Athletic,,,,1022.0,,,,,,2026-10-17 00:00:00-04:00,Saturday,,,,,,,,2026-10-17,,,False,67594.0
401856831,2026,7,regular,2026-10-17 04:00:00+00:00,True,False,False,True,,4728,TDECU Stadium,248,Houston Cougars,fbs,Big 12,,,,1550,,197,Oklahoma State Cowboys,fbs,Big 12,,,,1330.0,,,,,,2026-10-17 00:00:00-04:00,Saturday,,,,,,,,2026-10-17,22.0,18.0,True,40000.0
401856830,2026,7,regular,2026-10-17 04:00:00+00:00,True,False,False,True,,3636,Bill Snyder Family Stadium,2306,Kansas State Wildcats,fbs,Big 12,,,,1679,,2305,Kansas Jayhawks,fbs,Big 12,,,,1625.0,,,,,,2026-10-17 00:00:00-04:00,Saturday,,,,,,,,2026-10-17,,,False,50000.0
401858491,2026,7,regular,2026-10-17 04:00:00+00:00,True,False,False,True,,3936,Spartan Stadium,127,Michigan State Spartans,fbs,Big Ten,,,,1449,,77,Northwestern Wildcats,fbs,Big Ten,,,,1720.0,,,,,,2026-10-17 00:00:00-04:00,Saturday,,,,,,,,2026-10-17,,,False,74866.0
401858263,2026,7,regular,2026-10-17 04:00:00+00:00,True,False,False,True,,3948,Hard Rock Stadium,2390,Miami Hurricanes,fbs,ACC,,,,1993,,52,Florida State Seminoles,fbs,ACC,,,,1656.0,,,,,,2026-10-17 00:00:00-04:00,Saturday,,,,,,,,2026-10-17,4.0,,False,64767.0
401864521,2026,7,regular,2026-10-17 04:00:00+00:00,True,False,False,True,,7220,Clarence T.C. Ching Athletics Complex,62,Hawaii Rainbow Warriors,fbs,Mountain West,,,,1373,,167,New Mexico Lobos,fbs,Mountain West,,,,1683.0,,,,,,2026-10-17 00:00:00-04:00,Saturday,,,,,,,,2026-10-17,,,False,15194.0
401866441,2026,7,regular,2026-10-17 04:00:00+00:00,True,False,False,True,,3700,Doyt L. Perry Stadium,189,Bowling Green State Falcons,fbs,Mid-American,,,,1170,,2050,Ball State Cardinals,fbs,Mid-American,,,,1065.0,,,,,,2026-10-17 00:00:00-04:00,Saturday,,,,,,,,2026-10-17,,,False,33572.0
401866445,2026,7,regular,2026-10-17 04:00:00+00:00,True,False,False,True,,3757,Hornet Stadium,16,Sacramento State Hornets,fbs,Mid-American,,,,1185,,195,Ohio Bobcats,fbs,Mid-American,,,,1307.0,,,,,,2026-10-17 00:00:00-04:00,Saturday,,,,,,,,2026-10-17,,,False,21195.0
401862804,2026,7,regular,2026-10-17 04:00:00+00:00,True,False,False,True,,3604,Alamodome,2636,UTSA Roadrunners,fbs,American Athletic,,,,1504,,2426,Navy Midshipmen,fbs,American Athletic,,,,1498.0,,,,,,2026-10-17 00:00:00-04:00,Saturday,,,,,,,,2026-10-17,,,False,64000.0
401862805,2026,7,regular,2026-10-17 04:00:00+00:00,True,False,False,True,,3895,Rice Stadium,242,Rice Owls,fbs,American Athletic,,,,1184,,202,Tulsa Golden Hurricane,fbs,American Athletic,,,,1238.0,,,,,,2026-10-17 00:00:00-04:00,Saturday,,,,,,,,2026-10-17,,,False,47000.0
401866442,2026,7,regular,2026-10-17 04:00:00+00:00,True,False,False,True,,3965,UB Stadium,2084,Buffalo Bulls,fbs,Mid-American,,,,1294,,113,UMass Minutemen,fbs,Mid-American,,,,1124.0,,,,,,2026-10-17 00:00:00-04:00,Saturday,,,,,,,,2026-10-17,,,False,25013.0
401856722,2026,7,regular,2026-10-17 04:00:00+00:00,True,False,False,True,,3835,"Memorial Stadium (Norman, OK)",201,Oklahoma Sooners,fbs,SEC,,,,1731,,96,Kentucky Wildcats,fbs,SEC,,,,1559.0,,,,FLEX: 3:30 - 4:30pm OR 6 - 8pm ET start,,2026-10-17 00:00:00-04:00,Saturday,,,,,,,,2026-10-17,,,False,86112.0
401871091,2026,7,regular,2026-10-17 04:00:00+00:00,True,False,False,True,,3817,Malone Stadium,2433,Louisiana Monroe Warhawks,fbs,Sun Belt,,,,1014,,2348,Louisiana Tech Bulldogs,fbs,Sun Belt,,,,1379.0,,,,,,2026-10-17 00:00:00-04:00,Saturday,,,,,,,,2026-10-17,,,False,27617.0
401866444,2026,7,regular,2026-10-17 04:00:00+00:00,True,False,False,True,,3912,Rynearson Stadium,2199,Eastern Michigan Eagles,fbs,Mid-American,,,,1252,,2649,Toledo Rockets,fbs,Mid-American,,,,1598.0,,,,,,2026-10-17 00:00:00-04:00,Saturday,,,,,,,,2026-10-17,,,False,26188.0
401858261,2026,7,regular,2026-10-17 04:00:00+00:00,True,False,False,False,,3836,"Memorial Stadium (Clemson, SC)",228,Clemson Tigers,fbs,ACC,,,,1515,1515.0,2127,Charleston Southern Buccaneers,fcs,OVC,,,,,,,,,,2026-10-17 00:00:00-04:00,Saturday,,,,,,,,2026-10-17,,,False,81500.0
401862802,2026,7,regular,2026-10-17 16:00:00+00:00,False,False,False,True,,3841,Michie Stadium,349,Army West Point Black Knights,fbs,American Athletic,,,,1522,,2226,Florida Atlantic Owls,fbs,American Athletic,,,,1300.0,,,,,,2026-10-17 12:00:00-04:00,Saturday,2026-10-17 12:00:00-04:00,,,,,,,2026-10-17,,,False,38000.0
401856725,2026,7,regular,2026-10-17 17:00:00+00:00,False,False,False,False,,3795,Kyle Field,245,Texas A&M Aggies,fbs,SEC,,,,1794,1794.0,2643,The Citadel Bulldogs,fcs,Southern,,,,,,,,,,2026-10-17 13:00:00-04:00,Saturday,2026-10-17 13:00:00-04:00,,,,,,,2026-10-17,,,False,102733.0
401864522,2026,7,regular,2026-10-17 19:30:00+00:00,False,False,False,True,,3984,War Memorial Stadium,2751,Wyoming Cowboys,fbs,Mountain West,,,,1280,,2459,Northern Illinois Huskies,fbs,Mountain West,,,,1194.0,,,,,,2026-10-17 15:30:00-04:00,Saturday,2026-10-17 15:30:00-04:00,,,,,,,2026-10-17,,,False,29181.0
401864524,2026,7,regular,2026-10-17 19:30:00+00:00,False,False,False,True,,3713,Falcon Stadium,2005,Air Force Falcons,fbs,Mountain West,,,,1437,,2439,UNLV Rebels,fbs,Mountain West,,,,1494.0,,,,,,2026-10-17 15:30:00-04:00,Saturday,2026-10-17 15:30:00-04:00,,,,,,,2026-10-17,,,False,39441.0
401860903,2026,7,regular,2026-10-17 22:00:00+00:00,False,False,False,True,,3893,Reser Stadium,204,Oregon State Beavers,fbs,Pac-12,,,,1418,,265,Washington State Cougars,fbs,Pac-12,,,,1480.0,,,,,,2026-10-17 18:00:00-04:00,Saturday,2026-10-17 18:00:00-04:00,,,,,,,2026-10-17,,,False,35548.0
401864520,2026,7,regular,2026-10-17 23:00:00+00:00,False,False,False,True,,3714,Fargodome,2449,North Dakota State,fbs,Mountain West,,,,1636,,2440,Nevada Wolf Pack,fbs,Mountain West,,,,1435.0,,,,,,2026-10-17 19:00:00-04:00,Saturday,2026-10-17 19:00:00-04:00,,,,,,,2026-10-17,,,False,18700.0
401858262,2026,7,regular,2026-10-17 23:30:00+00:00,False,False,False,False,,3940,Stanford Stadium,24,Stanford Cardinal,fbs,ACC,,,,1188,1188.0,2210,Elon Phoenix,fcs,Coastal Athletic,,,,,,,,,,2026-10-17 19:30:00-04:00,Saturday,2026-10-17 19:30:00-04:00,,,,,,,2026-10-17,,,False,50424.0
401864523,2026,7,regular,2026-10-18 01:00:00+00:00,False,False,False,True,,3946,Sun Bowl,2638,UTEP Miners,fbs,Mountain West,,,,984,,23,San Jose State Spartans,fbs,Mountain West,,,,1398.0,,,,,,2026-10-17 21:00:00-04:00,Saturday,2026-10-17 21:00:00-04:00,,,,,,,2026-10-18,,,False,51500.0
401860904,2026,7,regular,2026-10-18 02:30:00+00:00,False,False,False,True,,7311,Snapdragon Stadium,21,San Diego State Aztecs,fbs,Pac-12,,,,1417,,278,Fresno State Bulldogs,fbs,Pac-12,,,,1645.0,,,,,,2026-10-17 22:30:00-04:00,Saturday,2026-10-17 22:30:00-04:00,,,,,,,2026-10-18,,,False,35000.0
401871069,2026,8,regular,2026-10-20 23:00:00+00:00,False,False,False,True,,3695,Delaware Stadium,48,Delaware Blue Hens,fbs,Conference USA,,,,1328,,2623,Missouri State Bears,fbs,Conference USA,,,,1292.0,,,,,,2026-10-20 19:00:00-04:00,Tuesday,2026-10-20 19:00:00-04:00,,,,,,,2026-10-20,,,False,18500.0
401871055,2026,8,regular,2026-10-20 23:00:00+00:00,False,False,False,True,,2031,Pitbull Stadium,2229,Florida International Panthers,fbs,Conference USA,,,,1392,,2393,Middle Tennessee Blue Raiders,fbs,Conference USA,,,,1146.0,,,,,,2026-10-20 19:00:00-04:00,Tuesday,2026-10-20 19:00:00-04:00,,,,,,,2026-10-20,,,False,20000.0
401871092,2026,8,regular,2026-10-20 23:30:00+00:00,False,False,False,True,,3775,Joan C. Edwards Stadium,276,Marshall Thundering Herd,fbs,Sun Belt,,,,1363,,6,South Alabama Jaguars,fbs,Sun Belt,,,,1354.0,,,,,,2026-10-20 19:30:00-04:00,Tuesday,2026-10-20 19:30:00-04:00,,,,,,,2026-10-20,,,False,30475.0
401871070,2026,8,regular,2026-10-22 00:00:00+00:00,False,False,False,True,,3647,Elliott T. Bowers Stadium,2534,Sam Houston State Bearkats,fbs,Conference USA,,,,1142,,166,New Mexico State Aggies,fbs,Conference USA,,,,1282.0,,,,,,2026-10-21 20:00:00-04:00,Wednesday,2026-10-21 20:00:00-04:00,,,,,,,2026-10-22,,,False,14000.0
401869845,2026,8,regular,2026-10-22 23:00:00+00:00,False,False,False,True,,3792,Kidd Brewer Stadium,2026,Appalachian State Mountaineers,fbs,Sun Belt,,,,1320,,256,James Madison Dukes,fbs,Sun Belt,,,,1821.0,,,,,,2026-10-22 19:00:00-04:00,Thursday,2026-10-22 19:00:00-04:00,,,,,,,2026-10-22,,,False,30000.0
401871056,2026,8,regular,2026-10-22 23:00:00+00:00,False,False,False,True,,4899,Fifth Third Stadium,338,Kennesaw State Owls,fbs,Conference USA,,,,1284,,2335,Liberty Flames,fbs,Conference USA,,,,1725.0,,,,,,2026-10-22 19:00:00-04:00,Thursday,2026-10-22 19:00:00-04:00,,,,,,,2026-10-22,,,False,10200.0
401862807,2026,8,regular,2026-10-22 23:30:00+00:00,False,False,False,True,,3805,Simmons Bank Liberty Stadium,235,Memphis Tigers,fbs,American Athletic,,,,1627,,151,East Carolina Pirates,fbs,American Athletic,,,,1456.0,,,,,,2026-10-22 19:30:00-04:00,Thursday,2026-10-22 19:30:00-04:00,,,,,,,2026-10-22,,,False,50000.0
401861965,2026,8,regular,2026-10-23 23:00:00+00:00,False,False,False,False,,3892,Pratt & Whitney Stadium,41,UConn Huskies,fbs,FBS Independents,,,,1460,,113,UMass Minutemen,fbs,Mid-American,,,,1124.0,,,,,,2026-10-23 19:00:00-04:00,Friday,2026-10-23 19:00:00-04:00,,,,,,,2026-10-23,,,False,40000.0
401858271,2026,8,regular,2026-10-23 23:00:00+00:00,False,False,False,True,,3923,Scott Stadium,258,Virginia Cavaliers,fbs,ACC,,,,1595,,150,Duke Blue Devils,fbs,ACC,,,,1656.0,,,,,,2026-10-23 19:00:00-04:00,Friday,2026-10-23 19:00:00-04:00,,,,,,,2026-10-23,,,False,61500.0
401862808,2026,8,regular,2026-10-24 00:30:00+00:00,False,False,False,True,,3674,Chapman Stadium,202,Tulsa Golden Hurricane,fbs,American Athletic,,,,1238,,349,Army West Point Black Knights,fbs,American Athletic,,,,1522.0,,,,,,2026-10-23 20:30:00-04:00,Friday,2026-10-23 20:30:00-04:00,,,,,,,2026-10-24,,,False,30000.0
401864525,2026,8,regular,2026-10-24 01:00:00+00:00,False,False,False,True,,3984,War Memorial Stadium,2751,Wyoming Cowboys,fbs,Mountain West,,,,1280,,2005,Air Force Falcons,fbs,Mountain West,,,,1437.0,,,,,,2026-10-23 21:00:00-04:00,Friday,2026-10-23 21:00:00-04:00,,,,,,,2026-10-24,,,False,29181.0
401858272,2026,8,regular,2026-10-24 02:30:00+00:00,False,False,False,True,,3940,Stanford Stadium,24,Stanford Cardinal,fbs,ACC,,,,1194,,152,North Carolina State Wolfpack,fbs,ACC,,,,1517.0,,,,,,2026-10-23 22:30:00-04:00,Friday,2026-10-23 22:30:00-04:00,,,,,,,2026-10-24,,,False,50424.0
401871093,2026,8,regular,2026-10-24 04:00:00+00:00,True,False,False,True,,3776,Joe Aillet Stadium,2348,Louisiana Tech Bulldogs,fbs,Sun Belt,,,,1379,,295,Old Dominion Monarchs,fbs,Sun Belt,,,,1197.0,,,,,,2026-10-24 00:00:00-04:00,Saturday,,,,,,,,2026-10-24,,,False,28562.0
401856839,2026,8,regular,2026-10-24 04:00:00+00:00,True,False,False,True,,3947,Mountain America Stadium,9,Arizona State Sun Devils,fbs,Big 12,,,,1429,,2306,Kansas State Wildcats,fbs,Big 12,,,,1679.0,,,,,,2026-10-24 00:00:00-04:00,Saturday,,,,,,,,2026-10-24,,,False,65870.0
401856727,2026,8,regular,2026-10-24 04:00:00+00:00,True,False,False,True,,3657,Bryant-Denny Stadium,333,Alabama Crimson Tide,fbs,SEC,,,,1991,,245,Texas A&M Aggies,fbs,SEC,,,,1786.0,,,,FLEX: 3:30 - 4:30pm OR 6 - 8pm ET start,,2026-10-24 00:00:00-04:00,Saturday,,,,,,,,2026-10-24,6.0,,False,101821.0
401856835,2026,8,regular,2026-10-24 04:00:00+00:00,True,False,False,True,,3652,FBC Mortgage Stadium,2116,UCF Knights,fbs,Big 12,,,,1488,,252,BYU Cougars,fbs,Big 12,,,,1699.0,,,,,,2026-10-24 00:00:00-04:00,Saturday,,,,,,,,2026-10-24,,8.0,False,44206.0
401866449,2026,8,regular,2026-10-24 04:00:00+00:00,True,False,False,True,,3876,Peden Stadium,195,Ohio Bobcats,fbs,Mid-American,,,,1307,,2199,Eastern Michigan Eagles,fbs,Mid-American,,,,1252.0,,,,,,2026-10-24 00:00:00-04:00,Saturday,,,,,,,,2026-10-24,,,False,24000.0
401864526,2026,8,regular,2026-10-24 04:00:00+00:00,True,False,False,True,,3764,Huskie Stadium,2459,Northern Illinois Huskies,fbs,Mountain West,,,,1194,,62,Hawaii Rainbow Warriors,fbs,Mountain West,,,,1373.0,,,,,,2026-10-24 00:00:00-04:00,Saturday,,,,,,,,2026-10-24,,,False,23595.0
401862809,2026,8,regular,2026-10-24 04:00:00+00:00,True,False,False,True,,3715,FAU Stadium,2226,Florida Atlantic Owls,fbs,American Athletic,,,,1300,,242,Rice Owls,fbs,American Athletic,,,,1184.0,,,,,,2026-10-24 00:00:00-04:00,Saturday,,,,,,,,2026-10-24,,,False,29419.0
401858500,2026,8,regular,2026-10-24 04:00:00+00:00,True,False,False,True,,347,Camp Randall Stadium,275,Wisconsin Badgers,fbs,Big Ten,,,,1673,,30,USC Trojans,fbs,Big Ten,,,,1785.0,,,,,,2026-10-24 00:00:00-04:00,Saturday,,,,,,,,2026-10-24,,19.0,False,76057.0
401858499,2026,8,regular,2026-10-24 04:00:00+00:00,True,False,False,True,,1056,Rose Bowl,26,UCLA Bruins,fbs,Big Ten,,,,1660,,127,Michigan State Spartans,fbs,Big Ten,,,,1449.0,,,,,,2026-10-24 00:00:00-04:00,Saturday,,,,,,,,2026-10-24,21.0,,False,88565.0
401866450,2026,8,regular,2026-10-24 04:00:00+00:00,True,False,False,True,,3739,Glass Bowl,2649,Toledo Rockets,fbs,Mid-American,,,,1598,,2711,Western Michigan Broncos,fbs,Mid-American,,,,1457.0,,,,,,2026-10-24 00:00:00-04:00,Saturday,,,,,,,,2026-10-24,,,False,26038.0
401858276,2026,8,regular,2026-10-24 04:00:00+00:00,True,False,False,True,,3836,"Memorial Stadium (Clemson, SC)",228,Clemson Tigers,fbs,ACC,,,,1541,,259,Virginia Tech Hokies,fbs,ACC,,,,1501.0,,,,,,2026-10-24 00:00:00-04:00,Saturday,,,,,,,,2026-10-24,,,False,81500.0
401858273,2026,8,regular,2026-10-24 04:00:00+00:00,True,False,False,True,,721,Bobby Dodd Stadium,59,Georgia Tech Yellow Jackets,fbs,ACC,,,,1493,,103,Boston College Eagles,fbs,ACC,,,,1381.0,,,,,,2026-10-24 00:00:00-04:00,Saturday,,,,,,,,2026-10-24,,,False,55000.0
401858270,2026,8,regular,2026-10-24 04:00:00+00:00,True,False,False,True,,3735,Gerald J. Ford Stadium,2567,Southern Methodist (SMU) Mustangs,fbs,ACC,,,,1689,,25,California Golden Bears,fbs,ACC,,,,1335.0,,,,,,2026-10-24 00:00:00-04:00,Saturday,,,,,,,,2026-10-24,24.0,,False,32000.0
401869967,2026,8,regular,2026-10-24 04:00:00+00:00,True,False,False,True,,3815,M. M. Roberts Stadium,2572,Southern Miss Golden Eagles,fbs,Sun Belt,,,,1227,,309,Louisiana Lafayette Ragin Cajuns,fbs,Sun Belt,,,,1442.0,,,,,,2026-10-24 00:00:00-04:00,Saturday,,,,,,,,2026-10-24,,,False,36000.0
401856732,2026,8,regular,2026-10-24 04:00:00+00:00,True,False,False,True,,3910,DKR-Texas Memorial Stadium,251,Texas Longhorns,fbs,SEC,,,,1930,,145,Mississippi Rebels,fbs,SEC,,,,1776.0,,,,FLEX: 3:30 - 4:30pm OR 6 - 8pm ET start,,2026-10-24 00:00:00-04:00,Saturday,,,,,,,,2026-10-24,1.0,9.0,True,100119.0
401856731,2026,8,regular,2026-10-24 04:00:00+00:00,True,False,False,True,,3994,Williams-Brice Stadium,2579,South Carolina Gamecocks,fbs,SEC,,,,1649,,2633,Tennessee Volunteers,fbs,SEC,,,,1786.0,,,,AFTERNOON: 3:30 - 4:30pm ET start,,2026-10-24 00:00:00-04:00,Saturday,,,,,,,,2026-10-24,,15.0,False,77559.0
401856729,2026,8,regular,2026-10-24 04:00:00+00:00,True,False,False,True,,3683,Kroger Field,96,Kentucky Wildcats,fbs,SEC,,,,1559,,238,Vanderbilt Commodores,fbs,SEC,,,,1702.0,,,,NIGHT: 6 - 8pm ET start,,2026-10-24 00:00:00-04:00,Saturday,,,,,,,,2026-10-24,,,False,61000.0
401866476,2026,8,regular,2026-10-24 04:00:00+00:00,True,False,False,True,,3786,Kelly/Shorts Stadium,2117,Central Michigan Chippewas,fbs,Mid-American,,,,1248,,193,Miami (OH) RedHawks,fbs,Mid-American,,,,1253.0,,,,,,2026-10-24 00:00:00-04:00,Saturday,,,,,,,,2026-10-24,,,False,30255.0
401871094,2026,8,regular,2026-10-24 04:00:00+00:00,True,False,False,True,,3975,Veterans Memorial Stadium (AL),2653,Troy Trojans,fbs,Sun Belt,,,,1395,,2433,Louisiana Monroe Warhawks,fbs,Sun Belt,,,,1014.0,,,,,,2026-10-24 00:00:00-04:00,Saturday,,,,,,,,2026-10-24,,,False,30000.0
401858498,2026,8,regular,2026-10-24 04:00:00+00:00,True,False,False,True,,11823,Ryan Field,77,Northwestern Wildcats,fbs,Big Ten,,,,1720,,164,Rutgers Scarlet Knights,fbs,Big Ten,,,,1383.0,,,,,,2026-10-24 00:00:00-04:00,Saturday,,,,,,,,2026-10-24,,,False,47130.0
401858275,2026,8,regular,2026-10-24 04:00:00+00:00,True,False,False,True,,3787,Kenan Stadium,153,North Carolina Tar Heels,fbs,ACC,,,,1426,,183,Syracuse Orange,fbs,ACC,,,,1300.0,,,,,,2026-10-24 00:00:00-04:00,Saturday,,,,,,,,2026-10-24,,,False,50500.0
401858497,2026,8,regular,2026-10-24 04:00:00+00:00,True,False,False,True,,3953,Huntington Bank Stadium,135,Minnesota Golden Gophers,fbs,Big Ten,,,,1526,,2294,Iowa Hawkeyes,fbs,Big Ten,,,,1821.0,,,,,,2026-10-24 00:00:00-04:00,Saturday,,,,,,,,2026-10-24,,20.0,False,50805.0
401862811,2026,8,regular,2026-10-24 04:00:00+00:00,True,False,False,True,,4729,Yulman Stadium,2655,Tulane Green Wave,fbs,American Athletic,,,,1517,,2636,UTSA Roadrunners,fbs,American Athletic,,,,1504.0,,,,,,2026-10-24 00:00:00-04:00,Saturday,,,,,,,,2026-10-24,,,False,30000.0
401866446,2026,8,regular,2026-10-24 04:00:00+00:00,True,False,False,True,,3696,Dix Stadium,2309,Kent State Golden Flashes,fbs,Mid-American,,,,1050,,2006,Akron Zips,fbs,Mid-American,,,,862.0,,,,,,2026-10-24 00:00:00-04:00,Saturday,,,,,,,,2026-10-24,,,False,25319.0
401866447,2026,8,regular,2026-10-24 04:00:00+00:00,True,False,False,True,,3919,Scheumann Stadium,2050,Ball State Cardinals,fbs,Mid-American,,,,1065,,16,Sacramento State Hornets,fbs,Mid-American,,,,1185.0,,,,,,2026-10-24 00:00:00-04:00,Saturday,,,,,,,,2026-10-24,,,False,22500.0
401866448,2026,8,regular,2026-10-24 04:00:00+00:00,True,False,False,True,,3965,UB Stadium,2084,Buffalo Bulls,fbs,Mid-American,,,,1294,,189,Bowling Green State Falcons,fbs,Mid-American,,,,1170.0,,,,,,2026-10-24 00:00:00-04:00,Saturday,,,,,,,,2026-10-24,,,False,25013.0
401856730,2026,8,regular,2026-10-24 04:00:00+00:00,True,False,False,True,,3693,Davis Wade Stadium,344,Mississippi State Bulldogs,fbs,SEC,,,,1612,,201,Oklahoma Sooners,fbs,SEC,,,,1731.0,,,,FLEX: 3:30 - 4:30pm OR 6 - 8pm ET start,,2026-10-24 00:00:00-04:00,Saturday,,,,,,,,2026-10-24,17.0,,False,61337.0
401856836,2026,8,regular,2026-10-24 04:00:00+00:00,True,False,False,True,,3646,Boone Pickens Stadium,197,Oklahoma State Cowboys,fbs,Big 12,,,,1330,,38,Colorado Buffaloes,fbs,Big 12,,,,1325.0,,,,,,2026-10-24 00:00:00-04:00,Saturday,,,,,,,,2026-10-24,18.0,,False,52305.0
401856838,2026,8,regular,2026-10-24 04:00:00+00:00,True,False,False,True,,3619,Arizona Stadium,12,Arizona Wildcats,fbs,Big 12,,,,1702,,66,Iowa State Cyclones,fbs,Big 12,,,,1669.0,,,,,,2026-10-24 00:00:00-04:00,Saturday,,,,,,,,2026-10-24,,,False,50782.0
401856837,2026,8,regular,2026-10-24 04:00:00+00:00,True,False,False,True,,587,Rice-Eccles Stadium,254,Utah Utes,fbs,Big 12,,,,1918,,248,Houston Cougars,fbs,Big 12,,,,1550.0,,,,,,2026-10-24 00:00:00-04:00,Saturday,,,,,,,,2026-10-24,12.0,22.0,True,51444.0
401856840,2026,8,regular,2026-10-24 04:00:00+00:00,True,False,False,True,,3854,Nippert Stadium,2132,Cincinnati Bearcats,fbs,Big 12,,,,1469,,2641,Texas Tech Red Raiders,fbs,Big 12,,,,1862.0,,,,,,2026-10-24 00:00:00-04:00,Saturday,,,,,,,,2026-10-24,,11.0,False,38088.0
401856841,2026,8,regular,2026-10-24 04:00:00+00:00,True,False,False,True,,3616,Amon G. Carter Stadium,2628,TCU Horned Frogs,fbs,Big 12,,,,1600,,277,West Virginia Mountaineers,fbs,Big 12,,,,1355.0,,,,,,2026-10-24 00:00:00-04:00,Saturday,,,,,,,,2026-10-24,,,False,47000.0
401856834,2026,8,regular,2026-10-24 04:00:00+00:00,True,False,False,True,,3833,Memorial Stadium,2305,Kansas Jayhawks,fbs,Big 12,,,,1625,,239,Baylor Bears,fbs,Big 12,,,,1643.0,,,,,,2026-10-24 00:00:00-04:00,Saturday,,,,,,,,2026-10-24,,,False,71168.0
401858274,2026,8,regular,2026-10-24 04:00:00+00:00,True,False,False,True,,3948,Hard Rock Stadium,2390,Miami Hurricanes,fbs,ACC,,,,1993,,221,Pittsburgh Panthers,fbs,ACC,,,,1668.0,,,,,,2026-10-24 00:00:00-04:00,Saturday,,,,,,,,2026-10-24,4.0,25.0,True,64767.0
401858495,2026,8,regular,2026-10-24 04:00:00+00:00,True,False,False,True,,3832,"Memorial Stadium (Champaign, IL)",356,Illinois Fighting Illini,fbs,Big Ten,,,,1539,,2483,Oregon Ducks,fbs,Big Ten,,,,1844.0,,,,,,2026-10-24 00:00:00-04:00,Saturday,,,,,,,,2026-10-24,,13.0,False,60670.0
401858496,2026,8,regular,2026-10-24 04:00:00+00:00,True,False,False,True,,3558,Michigan Stadium,130,Michigan Wolverines,fbs,Big Ten,,,,1719,,84,Indiana Hoosiers,fbs,Big Ten,,,,2114.0,,,,,,2026-10-24 00:00:00-04:00,Saturday,,,,,,,,2026-10-24,,7.0,False,107601.0
401856728,2026,8,regular,2026-10-24 16:00:00+00:00,False,False,False,True,,3785,Jordan-Hare Stadium,2,Auburn Tigers,fbs,SEC,,,,1669,,99,LSU Tigers,fbs,SEC,,,,1868.0,,,,,,2026-10-24 12:00:00-04:00,Saturday,2026-10-24 12:00:00-04:00,,,,,,,2026-10-24,,10.0,False,87451.0
401862810,2026,8,regular,2026-10-24 19:30:00+00:00,False,False,False,True,,3852,Navy-Marine Corps Memorial Stadium,2426,Navy Midshipmen,fbs,American Athletic,,,,1498,,249,North Texas Mean Green,fbs,American Athletic,,,,1629.0,,,,,,2026-10-24 15:30:00-04:00,Saturday,2026-10-24 15:30:00-04:00,,,,,,,2026-10-24,,,False,34000.0
401864528,2026,8,regular,2026-10-24 21:00:00+00:00,False,False,False,True,,3816,Mackay Stadium,2440,Nevada Wolf Pack,fbs,Mountain West,,,,1435,,23,San Jose State Spartans,fbs,Mountain West,,,,1398.0,,,,,,2026-10-24 17:00:00-04:00,Saturday,2026-10-24 17:00:00-04:00,,,,,,,2026-10-24,,,False,27000.0
401860907,2026,8,regular,2026-10-24 22:00:00+00:00,False,False,False,True,,3820,Gesa Field,265,Washington State Cougars,fbs,Pac-12,,,,1480,,68,Boise State Broncos,fbs,Pac-12,,,,1681.0,,,,,,2026-10-24 18:00:00-04:00,Saturday,2026-10-24 18:00:00-04:00,,,,,,,2026-10-24,,23.0,False,32952.0
401860905,2026,8,regular,2026-10-24 22:30:00+00:00,False,False,False,True,,5388,Canvas Stadium,36,Colorado State Rams,fbs,Pac-12,,,,1233,,21,San Diego State Aztecs,fbs,Pac-12,,,,1417.0,,,,,,2026-10-24 18:30:00-04:00,Saturday,2026-10-24 18:30:00-04:00,,,,,,,2026-10-24,,,False,36500.0
401869935,2026,8,regular,2026-10-24 23:00:00+00:00,False,False,False,True,,3625,Centennial Bank Stadium,2032,Arkansas State Red Wolves,fbs,Sun Belt,,,,1321,,2247,Georgia State Panthers,fbs,Sun Belt,,,,1402.0,,,,,,2026-10-24 19:00:00-04:00,Saturday,2026-10-24 19:00:00-04:00,,,,,,,2026-10-24,,,False,30406.0
401860906,2026,8,regular,2026-10-24 23:30:00+00:00,False,False,False,True,,3644,Bobcat Stadium (TX),326,Texas State Bobcats,fbs,Pac-12,,,,1489,,328,Utah State Aggies,fbs,Pac-12,,,,1358.0,,,,,,2026-10-24 19:30:00-04:00,Saturday,2026-10-24 19:30:00-04:00,,,,,,,2026-10-24,,,False,30000.0
401864527,2026,8,regular,2026-10-25 02:00:00+00:00,False,False,False,True,,3971,University Stadium (NM),167,New Mexico Lobos,fbs,Mountain West,,,,1683,,2449,North Dakota State,fbs,Mountain West,,,,1636.0,,,,,,2026-10-24 22:00:00-04:00,Saturday,2026-10-24 22:00:00-04:00,,,,,,,2026-10-25,,,False,39224.0
401871071,2026,9,regular,2026-10-27 23:00:00+00:00,False,False,False,True,,3796,Houchens Industries-L.T. Smith Stadium,98,Western Kentucky Hilltoppers,fbs,Conference USA,,,,1191,,48,Delaware Blue Hens,fbs,Conference USA,,,,1328.0,,,,,,2026-10-27 19:00:00-04:00,Tuesday,2026-10-27 19:00:00-04:00,,,,,,,2026-10-27,,,False,22113.0
401871072,2026,9,regular,2026-10-28 00:00:00+00:00,False,False,False,True,,3878,Plaster Sports Complex,2623,Missouri State Bears,fbs,Conference USA,,,,1292,,2534,Sam Houston State Bearkats,fbs,Conference USA,,,,1142.0,,,,,,2026-10-27 20:00:00-04:00,Tuesday,2026-10-27 20:00:00-04:00,,,,,,,2026-10-28,,,False,17337.0
401871058,2026,9,regular,2026-10-28 23:00:00+00:00,False,False,False,True,,3725,"Johnny ""Red"" Floyd Stadium",2393,Middle Tennessee Blue Raiders,fbs,Conference USA,,,,1146,,338,Kennesaw State Owls,fbs,Conference USA,,,,1284.0,,,,,,2026-10-28 19:00:00-04:00,Wednesday,2026-10-28 19:00:00-04:00,,,,,,,2026-10-28,,,False,27303.0
401871057,2026,9,regular,2026-10-29 00:00:00+00:00,False,False,False,True,,3601,Aggie Memorial Stadium,166,New Mexico State Aggies,fbs,Conference USA,,,,1282,,55,Jacksonville State Gamecocks,fbs,Conference USA,,,,1435.0,,,,,,2026-10-28 20:00:00-04:00,Wednesday,2026-10-28 20:00:00-04:00,,,,,,,2026-10-29,,,False,28853.0
401869963,2026,9,regular,2026-10-29 23:30:00+00:00,False,False,False,True,,3651,Bridgeforth Stadium,256,James Madison Dukes,fbs,Sun Belt,,,,1821,,2653,Troy Trojans,fbs,Sun Belt,,,,1395.0,,,,,,2026-10-29 19:30:00-04:00,Thursday,2026-10-29 19:30:00-04:00,,,,,,,2026-10-29,,,False,24877.0
401862812,2026,9,regular,2026-10-29 23:30:00+00:00,False,False,False,True,,3825,DATCU Stadium,249,North Texas Mean Green,fbs,American Athletic,,,,1629,,2226,Florida Atlantic Owls,fbs,American Athletic,,,,1300.0,,,,,,2026-10-29 19:30:00-04:00,Thursday,2026-10-29 19:30:00-04:00,,,,,,,2026-10-29,,,False,30100.0
401862813,2026,9,regular,2026-10-30 23:00:00+00:00,False,False,False,True,,4418,Jerry Richardson Stadium,2429,Charlotte,fbs,American Athletic,,,,1022,,2655,Tulane Green Wave,fbs,American Athletic,,,,1517.0,,,,,,2026-10-30 19:00:00-04:00,Friday,2026-10-30 19:00:00-04:00,,,,,,,2026-10-30,,,False,15300.0
401856844,2026,9,regular,2026-10-30 23:30:00+00:00,False,False,False,True,,3652,FBC Mortgage Stadium,2116,UCF Knights,fbs,Big 12,,,,1488,,239,Baylor Bears,fbs,Big 12,,,,1643.0,,,,,,2026-10-30 19:30:00-04:00,Friday,2026-10-30 19:30:00-04:00,,,,,,,2026-10-30,,,False,44206.0
401866451,2026,9,regular,2026-10-31 02:30:00+00:00,False,False,False,True,,3757,Hornet Stadium,16,Sacramento State Hornets,fbs,Mid-American,,,,1185,,2309,Kent State Golden Flashes,fbs,Mid-American,,,,1050.0,,,,,,2026-10-30 22:30:00-04:00,Friday,2026-10-30 22:30:00-04:00,,,,,,,2026-10-31,,,False,21195.0
401858508,2026,9,regular,2026-10-31 04:00:00+00:00,True,False,False,False,,1056,Rose Bowl,26,UCLA Bruins,fbs,Big Ten,,,,1660,,2440,Nevada Wolf Pack,fbs,Mountain West,,,,1435.0,,,,,,2026-10-31 00:00:00-04:00,Saturday,,,,,,,,2026-10-31,21.0,,False,88565.0
401858509,2026,9,regular,2026-10-31 04:00:00+00:00,True,False,False,True,,477,Los Angeles Memorial Coliseum,30,USC Trojans,fbs,Big Ten,,,,1785,,194,Ohio State Buckeyes,fbs,Big Ten,,,,2064.0,,,,,,2026-10-31 00:00:00-04:00,Saturday,,,,,,,,2026-10-31,19.0,5.0,True,77500.0
401871097,2026,9,regular,2026-10-31 04:00:00+00:00,True,False,False,True,,6526,Hancock Whitney Stadium,6,South Alabama Jaguars,fbs,Sun Belt,,,,1354,,2348,Louisiana Tech Bulldogs,fbs,Sun Belt,,,,1379.0,,,,,,2026-10-31 00:00:00-04:00,Saturday,,,,,,,,2026-10-31,,,False,25450.0
401864529,2026,9,regular,2026-10-31 04:00:00+00:00,True,False,False,True,,3935,CEFCU Stadium,23,San Jose State Spartans,fbs,Mountain West,,,,1398,,167,New Mexico Lobos,fbs,Mountain West,,,,1683.0,,,,,,2026-10-31 00:00:00-04:00,Saturday,,,,,,,,2026-10-31,,,False,18203.0
401856842,2026,9,regular,2026-10-31 04:00:00+00:00,True,False,False,True,,3784,Jones AT&T Stadium,2641,Texas Tech Red Raiders,fbs,Big 12,,,,1862,,12,Arizona Wildcats,fbs,Big 12,,,,1702.0,,,,,,2026-10-31 00:00:00-04:00,Saturday,,,,,,,,2026-10-31,11.0,,False,60454.0
401856847,2026,9,regular,2026-10-31 04:00:00+00:00,True,False,False,True,,3772,Jack Trice Stadium,66,Iowa State Cyclones,fbs,Big 12,,,,1669,,197,Oklahoma State Cowboys,fbs,Big 12,,,,1330.0,,,,,,2026-10-31 00:00:00-04:00,Saturday,,,,,,,,2026-10-31,,18.0,False,61500.0
401858505,2026,9,regular,2026-10-31 04:00:00+00:00,True,False,False,True,,3626,Autzen Stadium,2483,Oregon Ducks,fbs,Big Ten,,,,1844,,77,Northwestern Wildcats,fbs,Big Ten,,,,1720.0,,,,,,2026-10-31 00:00:00-04:00,Saturday,,,,,,,,2026-10-31,13.0,,False,54000.0
401862815,2026,9,regular,2026-10-31 04:00:00+00:00,True,False,False,True,,3699,Dowdy-Ficklen Stadium,151,East Carolina Pirates,fbs,American Athletic,,,,1456,,218,Temple Owls,fbs,American Athletic,,,,1365.0,,,,,,2026-10-31 00:00:00-04:00,Saturday,,,,,,,,2026-10-31,,,False,50000.0
401862814,2026,9,regular,2026-10-31 04:00:00+00:00,True,False,False,True,,3805,Simmons Bank Liberty Stadium,235,Memphis Tigers,fbs,American Athletic,,,,1627,,349,Army West Point Black Knights,fbs,American Athletic,,,,1522.0,,,,,,2026-10-31 00:00:00-04:00,Saturday,,,,,,,,2026-10-31,,,False,50000.0
401871096,2026,9,regular,2026-10-31 04:00:00+00:00,True,False,False,True,,3918,S.B. Ballard Stadium,295,Old Dominion Monarchs,fbs,Sun Belt,,,,1197,,276,Marshall Thundering Herd,fbs,Sun Belt,,,,1363.0,,,,,,2026-10-31 00:00:00-04:00,Saturday,,,,,,,,2026-10-31,,,False,20118.0
401858506,2026,9,regular,2026-10-31 04:00:00+00:00,True,False,False,True,,3632,Beaver Stadium,213,Penn State Nittany Lions,fbs,Big Ten,,,,1821,,2509,Purdue Boilermakers,fbs,Big Ten,,,,1326.0,,,,,,2026-10-31 00:00:00-04:00,Saturday,,,,,,,,2026-10-31,,,False,106572.0
401858507,2026,9,regular,2026-10-31 04:00:00+00:00,True,False,False,True,,6577,SHI Stadium,164,Rutgers Scarlet Knights,fbs,Big Ten,,,,1383,,130,Michigan Wolverines,fbs,Big Ten,,,,1719.0,,,,,,2026-10-31 00:00:00-04:00,Saturday,,,,,,,,2026-10-31,,,False,52454.0
401858280,2026,9,regular,2026-10-31 04:00:00+00:00,True,False,False,True,,3697,Doak Campbell Stadium,52,Florida State Seminoles,fbs,ACC,,,,1656,,228,Clemson Tigers,fbs,ACC,,,,1541.0,,,,,,2026-10-31 00:00:00-04:00,Saturday,,,,,,,,2026-10-31,,,False,67277.0
401858283,2026,9,regular,2026-10-31 04:00:00+00:00,True,False,False,True,,3873,L&N Federal Credit Union Stadium,97,Louisville Cardinals,fbs,ACC,,,,1671,,24,Stanford Cardinal,fbs,ACC,,,,1194.0,,,,,,2026-10-31 00:00:00-04:00,Saturday,,,,,,,,2026-10-31,,,False,60800.0
401858503,2026,9,regular,2026-10-31 04:00:00+00:00,True,False,False,True,,3665,SECU Stadium,120,Maryland Terrapins,fbs,Big Ten,,,,1297,,356,Illinois Fighting Illini,fbs,Big Ten,,,,1539.0,,,,,,2026-10-31 00:00:00-04:00,Saturday,,,,,,,,2026-10-31,,,False,46185.0
401858277,2026,9,regular,2026-10-31 04:00:00+00:00,True,False,False,True,,3670,Carter-Finley Stadium,152,North Carolina State Wolfpack,fbs,ACC,,,,1517,,25,California Golden Bears,fbs,ACC,,,,1335.0,,,,,,2026-10-31 00:00:00-04:00,Saturday,,,,,,,,2026-10-31,,,False,58000.0
401856736,2026,9,regular,2026-10-31 04:00:00+00:00,True,False,False,True,,3835,"Memorial Stadium (Norman, OK)",201,Oklahoma Sooners,fbs,SEC,,,,1731,,2579,South Carolina Gamecocks,fbs,SEC,,,,1649.0,,,,FLEX: 3:30 - 4:30pm OR 6 - 8pm ET start,,2026-10-31 00:00:00-04:00,Saturday,,,,,,,,2026-10-31,,,False,86112.0
401856843,2026,9,regular,2026-10-31 04:00:00+00:00,True,False,False,True,,3801,LaVell Edwards Stadium,252,BYU Cougars,fbs,Big 12,,,,1699,,9,Arizona State Sun Devils,fbs,Big 12,,,,1429.0,,,,,,2026-10-31 00:00:00-04:00,Saturday,,,,,,,,2026-10-31,8.0,,False,62073.0
401862816,2026,9,regular,2026-10-31 04:00:00+00:00,True,False,False,True,,3886,Raymond James Stadium,58,South Florida Bulls,fbs,American Athletic,,,,1623,,5,UAB Blazers,fbs,American Athletic,,,,1400.0,,,,,,2026-10-31 00:00:00-04:00,Saturday,,,,,,,,2026-10-31,,,False,65857.0
401856733,2026,9,regular,2026-10-31 04:00:00+00:00,True,False,False,True,,3887,Razorback Stadium,8,Arkansas Razorbacks,fbs,SEC,,,,1472,,142,Missouri Tigers,fbs,SEC,,,,1761.0,,,,FLEX: 3:30 - 4:30pm OR 6 - 8pm ET start,,2026-10-31 00:00:00-04:00,Saturday,,,,,,,,2026-10-31,,14.0,False,80000.0
401871095,2026,9,regular,2026-10-31 04:00:00+00:00,True,False,False,True,,3817,Malone Stadium,2433,Louisiana Monroe Warhawks,fbs,Sun Belt,,,,1014,,2572,Southern Miss Golden Eagles,fbs,Sun Belt,,,,1227.0,,,,,,2026-10-31 00:00:00-04:00,Saturday,,,,,,,,2026-10-31,,,False,27617.0
401856845,2026,9,regular,2026-10-31 04:00:00+00:00,True,False,False,True,,3616,Amon G. Carter Stadium,2628,TCU Horned Frogs,fbs,Big 12,,,,1600,,2305,Kansas Jayhawks,fbs,Big 12,,,,1625.0,,,,,,2026-10-31 00:00:00-04:00,Saturday,,,,,,,,2026-10-31,,,False,47000.0
401858284,2026,9,regular,2026-10-31 04:00:00+00:00,True,False,False,True,,3630,Allegacy Federal Credit Union Stadium,154,Wake Forest Demon Deacons,fbs,ACC,,,,1669,,258,Virginia Cavaliers,fbs,ACC,,,,1595.0,,,,,,2026-10-31 00:00:00-04:00,Saturday,,,,,,,,2026-10-31,,,False,31500.0
401858278,2026,9,regular,2026-10-31 04:00:00+00:00,True,False,False,True,,1964,JMA Wireless Dome,183,Syracuse Orange,fbs,ACC,,,,1300,,2567,Southern Methodist (SMU) Mustangs,fbs,ACC,,,,1689.0,,,,,,2026-10-31 00:00:00-04:00,Saturday,,,,,,,,2026-10-31,,24.0,False,42784.0
401858279,2026,9,regular,2026-10-31 04:00:00+00:00,True,False,False,True,,3982,Wallace Wade Stadium,150,Duke Blue Devils,fbs,ACC,,,,1656,,103,Boston College Eagles,fbs,ACC,,,,1381.0,,,,,,2026-10-31 00:00:00-04:00,Saturday,,,,,,,,2026-10-31,,,False,40004.0
401858281,2026,9,regular,2026-10-31 04:00:00+00:00,True,False,False,True,,3752,Acrisure Stadium,221,Pittsburgh Panthers,fbs,ACC,,,,1668,,59,Georgia Tech Yellow Jackets,fbs,ACC,,,,1493.0,,,,,,2026-10-31 00:00:00-04:00,Saturday,,,,,,,,2026-10-31,25.0,,False,68400.0
401858282,2026,9,regular,2026-10-31 04:00:00+00:00,True,False,False,True,,3787,Kenan Stadium,153,North Carolina Tar Heels,fbs,ACC,,,,1426,,2390,Miami Hurricanes,fbs,ACC,,,,1993.0,,,,,,2026-10-31 00:00:00-04:00,Saturday,,,,,,,,2026-10-31,,4.0,False,50500.0
401869944,2026,9,regular,2026-10-31 04:00:00+00:00,True,False,False,True,,4246,Center Parc Stadium,2247,Georgia State Panthers,fbs,Sun Belt,,,,1402,,324,Coastal Carolina Chanticleers,fbs,Sun Belt,,,,1262.0,,,,,,2026-10-31 00:00:00-04:00,Saturday,,,,,,,,2026-10-31,,,False,24333.0
401858501,2026,9,regular,2026-10-31 04:00:00+00:00,True,False,False,True,,3830,"Memorial Stadium (Bloomington, IN)",84,Indiana Hoosiers,fbs,Big Ten,,,,2114,,135,Minnesota Golden Gophers,fbs,Big Ten,,,,1526.0,,,,,,2026-10-31 00:00:00-04:00,Saturday,,,,,,,,2026-10-31,7.0,,False,52656.0
401858502,2026,9,regular,2026-10-31 04:00:00+00:00,True,False,False,True,,3793,Kinnick Stadium,2294,Iowa Hawkeyes,fbs,Big Ten,,,,1821,,275,Wisconsin Badgers,fbs,Big Ten,,,,1673.0,,,,,,2026-10-31 00:00:00-04:00,Saturday,,,,,,,,2026-10-31,20.0,,False,69250.0
401860924,2026,9,regular,2026-10-31 04:00:00+00:00,True,False,False,True,,3660,Valley Children's Stadium,278,Fresno State Bulldogs,fbs,Pac-12,,,,1645,,204,Oregon State Beavers,fbs,Pac-12,,,,1418.0,,,,,,2026-10-31 00:00:00-04:00,Saturday,,,,,,,,2026-10-31,,,False,40727.0
401858504,2026,9,regular,2026-10-31 04:00:00+00:00,True,False,False,True,,3834,"Memorial Stadium (Lincoln, NE)",158,Nebraska Cornhuskers,fbs,Big Ten,,,,1751,,264,Washington Huskies,fbs,Big Ten,,,,1734.0,,,,,,2026-10-31 00:00:00-04:00,Saturday,,,,,,,,2026-10-31,,,False,85458.0
401856735,2026,9,regular,2026-10-31 04:00:00+00:00,True,False,False,True,,3974,Vaught-Hemingway Stadium,145,Mississippi Rebels,fbs,SEC,,,,1776,,2,Auburn Tigers,fbs,SEC,,,,1669.0,,,,EARLY: Noon - 1pm ET start,,2026-10-31 00:00:00-04:00,Saturday,,,,,,,,2026-10-31,9.0,,False,64038.0
401856737,2026,9,regular,2026-10-31 04:00:00+00:00,True,False,False,True,,3910,DKR-Texas Memorial Stadium,251,Texas Longhorns,fbs,SEC,,,,1930,,344,Mississippi State Bulldogs,fbs,SEC,,,,1612.0,,,,NIGHT: 6 - 8pm ET start,,2026-10-31 00:00:00-04:00,Saturday,,,,,,,,2026-10-31,1.0,17.0,True,100119.0
401856846,2026,9,regular,2026-10-31 04:00:00+00:00,True,False,False,True,,3726,Folsom Field,38,Colorado Buffaloes,fbs,Big 12,,,,1325,,2306,Kansas State Wildcats,fbs,Big 12,,,,1679.0,,,,,,2026-10-31 00:00:00-04:00,Saturday,,,,,,,,2026-10-31,,,False,50183.0
401856848,2026,9,regular,2026-10-31 04:00:00+00:00,True,False,False,True,,3854,Nippert Stadium,2132,Cincinnati Bearcats,fbs,Big 12,,,,1469,,254,Utah Utes,fbs,Big 12,,,,1918.0,,,,,,2026-10-31 00:00:00-04:00,Saturday,,,,,,,,2026-10-31,,12.0,False,38088.0
401869846,2026,9,regular,2026-10-31 04:00:00+00:00,True,False,False,True,,3608,Allen E. Paulson Stadium,290,Georgia Southern Eagles,fbs,Sun Belt,,,,1349,,2026,Appalachian State Mountaineers,fbs,Sun Belt,,,,1320.0,,,,,,2026-10-31 00:00:00-04:00,Saturday,,,,,,,,2026-10-31,,,False,25000.0
401866452,2026,9,regular,2026-10-31 16:00:00+00:00,False,False,False,True,,3980,Waldo Stadium,2711,Western Michigan Broncos,fbs,Mid-American,,,,1457,,189,Bowling Green State Falcons,fbs,Mid-American,,,,1170.0,,,,,,2026-10-31 12:00:00-04:00,Saturday,2026-10-31 12:00:00-04:00,,,,,,,2026-10-31,,,False,36361.0
401859185,2026,9,regular,2026-10-31 16:00:00+00:00,False,False,True,False,,3738,Gillette Stadium,2426,Navy Midshipmen,fbs,American Athletic,,,,1498,,87,Notre Dame Fighting Irish,fbs,FBS Independents,,,,2054.0,,,,,,2026-10-31 12:00:00-04:00,Saturday,2026-10-31 12:00:00-04:00,,,,,,,2026-10-31,,3.0,False,68756.0
401861966,2026,9,regular,2026-10-31 19:00:00+00:00,False,False,False,False,,3713,Falcon Stadium,2005,Air Force Falcons,fbs,Mountain West,,,,1437,,41,UConn Huskies,fbs,FBS Independents,,,,1460.0,,,,,,2026-10-31 15:00:00-04:00,Saturday,2026-10-31 15:00:00-04:00,,,,,,,2026-10-31,,,False,39441.0
401856734,2026,9,regular,2026-10-31 19:30:00+00:00,False,False,True,True,,5348,Mercedes-Benz Stadium,61,Georgia Bulldogs,fbs,SEC,,,,2052,,57,Florida Gators,fbs,SEC,,,,1669.0,,,,,,2026-10-31 15:30:00-04:00,Saturday,2026-10-31 15:30:00-04:00,,,,,,,2026-10-31,2.0,16.0,True,75000.0
401864531,2026,9,regular,2026-10-31 19:30:00+00:00,False,False,False,True,,3714,Fargodome,2449,North Dakota State,fbs,Mountain West,,,,1636,,2638,UTEP Miners,fbs,Mountain West,,,,984.0,,,,,,2026-10-31 15:30:00-04:00,Saturday,2026-10-31 15:30:00-04:00,,,,,,,2026-10-31,,,False,18700.0
401860910,2026,9,regular,2026-10-31 19:30:00+00:00,False,False,False,True,,3905,Maverik Stadium,328,Utah State Aggies,fbs,Pac-12,,,,1358,,36,Colorado State Rams,fbs,Pac-12,,,,1233.0,,,,,,2026-10-31 15:30:00-04:00,Saturday,2026-10-31 15:30:00-04:00,,,,,,,2026-10-31,,,False,25513.0
401871059,2026,9,regular,2026-10-31 19:30:00+00:00,False,False,False,True,,3992,Williams Stadium (VA),2335,Liberty Flames,fbs,Conference USA,,,,1725,,2229,Florida International Panthers,fbs,Conference USA,,,,1392.0,,,,,,2026-10-31 15:30:00-04:00,Saturday,2026-10-31 15:30:00-04:00,,,,,,,2026-10-31,,,False,25000.0
401860909,2026,9,regular,2026-10-31 23:00:00+00:00,False,False,False,True,,7311,Snapdragon Stadium,21,San Diego State Aztecs,fbs,Pac-12,,,,1417,,265,Washington State Cougars,fbs,Pac-12,,,,1480.0,,,,,,2026-10-31 19:00:00-04:00,Saturday,2026-10-31 19:00:00-04:00,,,,,,,2026-10-31,,,False,35000.0
401860908,2026,9,regular,2026-11-01 02:00:00+00:00,False,False,False,True,,3653,Albertsons Stadium,68,Boise State Broncos,fbs,Pac-12,,,,1681,,326,Texas State Bobcats,fbs,Pac-12,,,,1489.0,,,,,,2026-10-31 22:00:00-04:00,Saturday,2026-10-31 22:00:00-04:00,,,,,,,2026-11-01,23.0,,False,36387.0
401864530,2026,9,regular,2026-11-01 02:30:00+00:00,False,False,False,True,,6501,Allegiant Stadium,2439,UNLV Rebels,fbs,Mountain West,,,,1494,,2459,Northern Illinois Huskies,fbs,Mountain West,,,,1194.0,,,,,,2026-10-31 22:30:00-04:00,Saturday,2026-10-31 22:30:00-04:00,,,,,,,2026-11-01,,,False,65000.0
401866454,2026,10,regular,2026-11-04 00:00:00+00:00,False,False,False,True,,3996,Yager Stadium,193,Miami (OH) RedHawks,fbs,Mid-American,,,,1253,,2084,Buffalo Bulls,fbs,Mid-American,,,,1294.0,,,,,,2026-11-03 19:00:00-05:00,Tuesday,2026-11-03 19:00:00-05:00,,,,,,,2026-11-04,,,False,24286.0
401866453,2026,10,regular,2026-11-04 00:00:00+00:00,False,False,False,True,,3768,InfoCision Stadium,2006,Akron Zips,fbs,Mid-American,,,,862,,195,Ohio Bobcats,fbs,Mid-American,,,,1307.0,,,,,,2026-11-03 19:00:00-05:00,Tuesday,2026-11-03 19:00:00-05:00,,,,,,,2026-11-04,,,False,30000.0
401866456,2026,10,regular,2026-11-04 05:00:00+00:00,True,False,True,True,,3727,Ford Field,2199,Eastern Michigan Eagles,fbs,Mid-American,,,,1252,,2117,Central Michigan Chippewas,fbs,Mid-American,,,,1248.0,,,,,,2026-11-04 00:00:00-05:00,Wednesday,,,,,,,,2026-11-04,,,False,64500.0
401866457,2026,10,regular,2026-11-04 05:00:00+00:00,True,False,False,True,,3757,Hornet Stadium,16,Sacramento State Hornets,fbs,Mid-American,,,,1185,,2649,Toledo Rockets,fbs,Mid-American,,,,1598.0,,,,,,2026-11-04 00:00:00-05:00,Wednesday,,,,,,,,2026-11-04,,,False,21195.0
401866455,2026,10,regular,2026-11-04 05:00:00+00:00,True,False,False,True,,3985,Warren McGuirk Alumni Stadium,113,UMass Minutemen,fbs,Mid-American,,,,1124,,2050,Ball State Cardinals,fbs,Mid-American,,,,1065.0,,,,,,2026-11-04 00:00:00-05:00,Wednesday,,,,,,,,2026-11-04,,,False,17000.0
401869964,2026,10,regular,2026-11-06 01:00:00+00:00,False,False,False,True,,3815,M. M. Roberts Stadium,2572,Southern Miss Golden Eagles,fbs,Sun Belt,,,,1227,,256,James Madison Dukes,fbs,Sun Belt,,,,1821.0,,,,,,2026-11-05 20:00:00-05:00,Thursday,2026-11-05 20:00:00-05:00,,,,,,,2026-11-06,,,False,36000.0
401862817,2026,10,regular,2026-11-06 01:00:00+00:00,False,False,False,True,,3715,FAU Stadium,2226,Florida Atlantic Owls,fbs,American Athletic,,,,1300,,2636,UTSA Roadrunners,fbs,American Athletic,,,,1504.0,,,,,,2026-11-05 20:00:00-05:00,Thursday,2026-11-05 20:00:00-05:00,,,,,,,2026-11-06,,,False,29419.0
401858288,2026,10,regular,2026-11-07 00:00:00+00:00,False,False,False,True,,3735,Gerald J. Ford Stadium,2567,Southern Methodist (SMU) Mustangs,fbs,ACC,,,,1689,,259,Virginia Tech Hokies,fbs,ACC,,,,1501.0,,,,,,2026-11-06 19:00:00-05:00,Friday,2026-11-06 19:00:00-05:00,,,,,,,2026-11-07,24.0,,False,32000.0
401862818,2026,10,regular,2026-11-07 00:30:00+00:00,False,False,False,True,,3699,Dowdy-Ficklen Stadium,151,East Carolina Pirates,fbs,American Athletic,,,,1456,,58,South Florida Bulls,fbs,American Athletic,,,,1623.0,,,,,,2026-11-06 19:30:00-05:00,Friday,2026-11-06 19:30:00-05:00,,,,,,,2026-11-07,,,False,50000.0
401858510,2026,10,regular,2026-11-07 01:00:00+00:00,False,False,False,True,,3832,"Memorial Stadium (Champaign, IL)",356,Illinois Fighting Illini,fbs,Big Ten,,,,1539,,158,Nebraska Cornhuskers,fbs,Big Ten,,,,1751.0,,,,,,2026-11-06 20:00:00-05:00,Friday,2026-11-06 20:00:00-05:00,,,,,,,2026-11-07,,,False,60670.0
401864533,2026,10,regular,2026-11-07 02:00:00+00:00,False,False,False,True,,3816,Mackay Stadium,2440,Nevada Wolf Pack,fbs,Mountain West,,,,1435,,167,New Mexico Lobos,fbs,Mountain West,,,,1683.0,,,,,,2026-11-06 21:00:00-05:00,Friday,2026-11-06 21:00:00-05:00,,,,,,,2026-11-07,,,False,27000.0
401856855,2026,10,regular,2026-11-07 03:15:00+00:00,False,False,False,True,,3619,Arizona Stadium,12,Arizona Wildcats,fbs,Big 12,,,,1702,,2628,TCU Horned Frogs,fbs,Big 12,,,,1600.0,,,,,,2026-11-06 22:15:00-05:00,Friday,2026-11-06 22:15:00-05:00,,,,,,,2026-11-07,,,False,50782.0
401858515,2026,10,regular,2026-11-07 05:00:00+00:00,True,False,False,True,,3907,Ross-Ade Stadium,2509,Purdue Boilermakers,fbs,Big Ten,,,,1326,,120,Maryland Terrapins,fbs,Big Ten,,,,1297.0,,,,,,2026-11-07 00:00:00-05:00,Saturday,,,,,,,,2026-11-07,,,False,61441.0
401869968,2026,10,regular,2026-11-07 05:00:00+00:00,True,False,False,True,,3666,Cajun Field,309,Louisiana Lafayette Ragin Cajuns,fbs,Sun Belt,,,,1442,,6,South Alabama Jaguars,fbs,Sun Belt,,,,1354.0,,,,,,2026-11-07 00:00:00-05:00,Saturday,,,,,,,,2026-11-07,,,False,30000.0
401864534,2026,10,regular,2026-11-07 05:00:00+00:00,True,False,False,True,,3935,CEFCU Stadium,23,San Jose State Spartans,fbs,Mountain West,,,,1398,,2459,Northern Illinois Huskies,fbs,Mountain West,,,,1194.0,,,,,,2026-11-07 00:00:00-05:00,Saturday,,,,,,,,2026-11-07,,,False,18203.0
401858512,2026,10,regular,2026-11-07 05:00:00+00:00,True,False,False,True,,3953,Huntington Bank Stadium,135,Minnesota Golden Gophers,fbs,Big Ten,,,,1526,,26,UCLA Bruins,fbs,Big Ten,,,,1660.0,,,,,,2026-11-07 00:00:00-05:00,Saturday,,,,,,,,2026-11-07,,21.0,False,50805.0
401856738,2026,10,regular,2026-11-07 05:00:00+00:00,True,False,False,True,,3785,Jordan-Hare Stadium,2,Auburn Tigers,fbs,SEC,,,,1669,,8,Arkansas Razorbacks,fbs,SEC,,,,1472.0,,,,EARLY: Noon - 1pm ET start,,2026-11-07 00:00:00-05:00,Saturday,,,,,,,,2026-11-07,,,False,87451.0
401858289,2026,10,regular,2026-11-07 05:00:00+00:00,True,False,False,True,,3615,"Alumni Stadium (Chestnut Hill, MA)",103,Boston College Eagles,fbs,ACC,,,,1381,,52,Florida State Seminoles,fbs,ACC,,,,1656.0,,,,,,2026-11-07 00:00:00-05:00,Saturday,,,,,,,,2026-11-07,,,False,44500.0
401858513,2026,10,regular,2026-11-07 05:00:00+00:00,True,False,False,True,,11823,Ryan Field,77,Northwestern Wildcats,fbs,Big Ten,,,,1720,,2294,Iowa Hawkeyes,fbs,Big Ten,,,,1821.0,,,,,,2026-11-07 00:00:00-05:00,Saturday,,,,,,,,2026-11-07,,20.0,False,47130.0
401862821,2026,10,regular,2026-11-07 05:00:00+00:00,True,False,False,True,,3825,DATCU Stadium,249,North Texas Mean Green,fbs,American Athletic,,,,1629,,242,Rice Owls,fbs,American Athletic,,,,1184.0,,,,,,2026-11-07 00:00:00-05:00,Saturday,,,,,,,,2026-11-07,,,False,30100.0
401858516,2026,10,regular,2026-11-07 05:00:00+00:00,True,False,False,True,,3765,Husky Stadium,264,Washington Huskies,fbs,Big Ten,,,,1734,,213,Penn State Nittany Lions,fbs,Big Ten,,,,1821.0,,,,,,2026-11-07 00:00:00-05:00,Saturday,,,,,,,,2026-11-07,,,False,70083.0
401858517,2026,10,regular,2026-11-07 05:00:00+00:00,True,False,False,True,,347,Camp Randall Stadium,275,Wisconsin Badgers,fbs,Big Ten,,,,1673,,164,Rutgers Scarlet Knights,fbs,Big Ten,,,,1383.0,,,,,,2026-11-07 00:00:00-05:00,Saturday,,,,,,,,2026-11-07,,,False,76057.0
401862822,2026,10,regular,2026-11-07 05:00:00+00:00,True,False,False,True,,4729,Yulman Stadium,2655,Tulane Green Wave,fbs,American Athletic,,,,1517,,202,Tulsa Golden Hurricane,fbs,American Athletic,,,,1238.0,,,,,,2026-11-07 00:00:00-05:00,Saturday,,,,,,,,2026-11-07,,,False,30000.0
401869927,2026,10,regular,2026-11-07 05:00:00+00:00,True,False,False,True,,3792,Kidd Brewer Stadium,2026,Appalachian State Mountaineers,fbs,Sun Belt,,,,1320,,2247,Georgia State Panthers,fbs,Sun Belt,,,,1402.0,,,,,,2026-11-07 00:00:00-05:00,Saturday,,,,,,,,2026-11-07,,,False,30000.0
401869951,2026,10,regular,2026-11-07 05:00:00+00:00,True,False,False,True,,3608,Allen E. Paulson Stadium,290,Georgia Southern Eagles,fbs,Sun Belt,,,,1349,,276,Marshall Thundering Herd,fbs,Sun Belt,,,,1363.0,,,,,,2026-11-07 00:00:00-05:00,Saturday,,,,,,,,2026-11-07,,,False,25000.0
401856851,2026,10,regular,2026-11-07 05:00:00+00:00,True,False,False,True,,4728,TDECU Stadium,248,Houston Cougars,fbs,Big 12,,,,1550,,2132,Cincinnati Bearcats,fbs,Big 12,,,,1469.0,,,,,,2026-11-07 00:00:00-05:00,Saturday,,,,,,,,2026-11-07,22.0,,False,40000.0
401858290,2026,10,regular,2026-11-07 05:00:00+00:00,True,False,False,False,,3630,Allegacy Federal Credit Union Stadium,154,Wake Forest Demon Deacons,fbs,ACC,,,,1675,1675.0,2771,Merrimack Warriors,fcs,FCS Independents,,,,,,,,,,2026-11-07 00:00:00-05:00,Saturday,,,,,,,,2026-11-07,,,False,31500.0
401856741,2026,10,regular,2026-11-07 05:00:00+00:00,True,False,False,True,,3974,Vaught-Hemingway Stadium,145,Mississippi Rebels,fbs,SEC,,,,1776,,61,Georgia Bulldogs,fbs,SEC,,,,2052.0,,,,FLEX: 3:30 - 4:30pm OR 6 - 8pm ET start,,2026-11-07 00:00:00-05:00,Saturday,,,,,,,,2026-11-07,9.0,2.0,True,64038.0
401871098,2026,10,regular,2026-11-07 05:00:00+00:00,True,False,False,True,,3975,Veterans Memorial Stadium (AL),2653,Troy Trojans,fbs,Sun Belt,,,,1395,,2348,Louisiana Tech Bulldogs,fbs,Sun Belt,,,,1379.0,,,,,,2026-11-07 00:00:00-05:00,Saturday,,,,,,,,2026-11-07,,,False,30000.0
401856852,2026,10,regular,2026-11-07 05:00:00+00:00,True,False,False,True,,3947,Mountain America Stadium,9,Arizona State Sun Devils,fbs,Big 12,,,,1429,,38,Colorado Buffaloes,fbs,Big 12,,,,1325.0,,,,,,2026-11-07 00:00:00-05:00,Saturday,,,,,,,,2026-11-07,,,False,65870.0
401856853,2026,10,regular,2026-11-07 05:00:00+00:00,True,False,False,True,,4727,McLane Stadium,239,Baylor Bears,fbs,Big 12,,,,1643,,66,Iowa State Cyclones,fbs,Big 12,,,,1669.0,,,,,,2026-11-07 00:00:00-05:00,Saturday,,,,,,,,2026-11-07,,,False,45140.0
401856854,2026,10,regular,2026-11-07 05:00:00+00:00,True,False,False,True,,3636,Bill Snyder Family Stadium,2306,Kansas State Wildcats,fbs,Big 12,,,,1679,,197,Oklahoma State Cowboys,fbs,Big 12,,,,1330.0,,,,,,2026-11-07 00:00:00-05:00,Saturday,,,,,,,,2026-11-07,,18.0,False,50000.0
401856856,2026,10,regular,2026-11-07 05:00:00+00:00,True,False,False,True,,3784,Jones AT&T Stadium,2641,Texas Tech Red Raiders,fbs,Big 12,,,,1862,,277,West Virginia Mountaineers,fbs,Big 12,,,,1355.0,,,,,,2026-11-07 00:00:00-05:00,Saturday,,,,,,,,2026-11-07,11.0,,False,60454.0
401858511,2026,10,regular,2026-11-07 05:00:00+00:00,True,False,False,True,,3558,Michigan Stadium,130,Michigan Wolverines,fbs,Big Ten,,,,1719,,127,Michigan State Spartans,fbs,Big Ten,,,,1449.0,,,,,,2026-11-07 00:00:00-05:00,Saturday,,,,,,,,2026-11-07,,,False,107601.0
401856743,2026,10,regular,2026-11-07 05:00:00+00:00,True,False,False,True,,3838,Memorial Stadium,142,Missouri Tigers,fbs,SEC,,,,1761,,251,Texas Longhorns,fbs,SEC,,,,1930.0,,,,EARLY: Noon - 1pm ET start,,2026-11-07 00:00:00-05:00,Saturday,,,,,,,,2026-11-07,14.0,1.0,True,71168.0
401856745,2026,10,regular,2026-11-07 05:00:00+00:00,True,False,False,True,,3853,Neyland Stadium,2633,Tennessee Volunteers,fbs,SEC,,,,1786,,96,Kentucky Wildcats,fbs,SEC,,,,1559.0,,,,NIGHT: 6 - 8pm ET start,,2026-11-07 00:00:00-05:00,Saturday,,,,,,,,2026-11-07,15.0,,False,101915.0
401862819,2026,10,regular,2026-11-07 05:00:00+00:00,True,False,False,True,,7221,Protective Stadium,5,UAB Blazers,fbs,American Athletic,,,,1400,,2429,Charlotte,fbs,American Athletic,,,,1022.0,,,,,,2026-11-07 00:00:00-05:00,Saturday,,,,,,,,2026-11-07,,,False,47100.0
401858285,2026,10,regular,2026-11-07 05:00:00+00:00,True,False,False,True,,1964,JMA Wireless Dome,183,Syracuse Orange,fbs,ACC,,,,1300,,228,Clemson Tigers,fbs,ACC,,,,1541.0,,,,,,2026-11-07 00:00:00-05:00,Saturday,,,,,,,,2026-11-07,,,False,42784.0
401856744,2026,10,regular,2026-11-07 05:00:00+00:00,True,False,False,True,,3994,Williams-Brice Stadium,2579,South Carolina Gamecocks,fbs,SEC,,,,1649,,245,Texas A&M Aggies,fbs,SEC,,,,1786.0,,,,AFTERNOON: 3:30 - 4:30pm ET start,,2026-11-07 00:00:00-05:00,Saturday,,,,,,,,2026-11-07,,,False,77559.0
401869945,2026,10,regular,2026-11-07 05:00:00+00:00,True,False,False,True,,3654,Brooks Stadium (SC),324,Coastal Carolina Chanticleers,fbs,Sun Belt,,,,1262,,295,Old Dominion Monarchs,fbs,Sun Belt,,,,1197.0,,,,,,2026-11-07 00:00:00-05:00,Saturday,,,,,,,,2026-11-07,,,False,21000.0
401858286,2026,10,regular,2026-11-07 05:00:00+00:00,True,False,False,True,,3670,Carter-Finley Stadium,152,North Carolina State Wolfpack,fbs,ACC,,,,1517,,150,Duke Blue Devils,fbs,ACC,,,,1656.0,,,,,,2026-11-07 00:00:00-05:00,Saturday,,,,,,,,2026-11-07,,,False,58000.0
401856742,2026,10,regular,2026-11-07 05:00:00+00:00,True,False,False,True,,3693,Davis Wade Stadium,344,Mississippi State Bulldogs,fbs,SEC,,,,1612,,238,Vanderbilt Commodores,fbs,SEC,,,,1702.0,,,,FLEX: 3:30 - 4:30pm OR 6 - 8pm ET start,,2026-11-07 00:00:00-05:00,Saturday,,,,,,,,2026-11-07,17.0,,False,61337.0
401856849,2026,10,regular,2026-11-07 05:00:00+00:00,True,False,False,True,,587,Rice-Eccles Stadium,254,Utah Utes,fbs,Big 12,,,,1918,,252,BYU Cougars,fbs,Big 12,,,,1699.0,,,,,,2026-11-07 00:00:00-05:00,Saturday,,,,,,,,2026-11-07,12.0,8.0,True,51444.0
401856850,2026,10,regular,2026-11-07 05:00:00+00:00,True,False,False,True,,3833,Memorial Stadium,2305,Kansas Jayhawks,fbs,Big 12,,,,1625,,2116,UCF Knights,fbs,Big 12,,,,1488.0,,,,,,2026-11-07 00:00:00-05:00,Saturday,,,,,,,,2026-11-07,,,False,71168.0
401864532,2026,10,regular,2026-11-07 05:00:00+00:00,True,False,False,True,,3946,Sun Bowl,2638,UTEP Miners,fbs,Mountain West,,,,984,,62,Hawaii Rainbow Warriors,fbs,Mountain West,,,,1373.0,,,,,,2026-11-07 00:00:00-05:00,Saturday,,,,,,,,2026-11-07,,,False,51500.0
401858287,2026,10,regular,2026-11-07 05:00:00+00:00,True,False,False,True,,721,Bobby Dodd Stadium,59,Georgia Tech Yellow Jackets,fbs,ACC,,,,1493,,97,Louisville Cardinals,fbs,ACC,,,,1671.0,,,,,,2026-11-07 00:00:00-05:00,Saturday,,,,,,,,2026-11-07,,,False,55000.0
401856739,2026,10,regular,2026-11-07 05:00:00+00:00,True,False,False,True,,3634,Ben Hill Griffin Stadium,57,Florida Gators,fbs,SEC,,,,1669,,201,Oklahoma Sooners,fbs,SEC,,,,1731.0,,,,FLEX: 3:30 - 4:30pm OR 6 - 8pm ET start,,2026-11-07 00:00:00-05:00,Saturday,,,,,,,,2026-11-07,16.0,,False,88548.0
401858514,2026,10,regular,2026-11-07 05:00:00+00:00,True,False,False,True,,3861,Ohio Stadium,194,Ohio State Buckeyes,fbs,Big Ten,,,,2064,,2483,Oregon Ducks,fbs,Big Ten,,,,1844.0,,,,,,2026-11-07 00:00:00-05:00,Saturday,,,,,,,,2026-11-07,5.0,13.0,True,102780.0
401856740,2026,10,regular,2026-11-07 05:00:00+00:00,True,False,False,True,,3958,Tiger Stadium (LA),99,LSU Tigers,fbs,SEC,,,,1868,,333,Alabama Crimson Tide,fbs,SEC,,,,1991.0,,,,FLEX: 3:30 - 4:30pm OR 6 - 8pm ET start,,2026-11-07 00:00:00-05:00,Saturday,,,,,,,,2026-11-07,10.0,6.0,True,102321.0
401858292,2026,10,regular,2026-11-07 17:00:00+00:00,False,False,False,False,,3892,Pratt & Whitney Stadium,41,UConn Huskies,fbs,FBS Independents,,,,1460,,153,North Carolina Tar Heels,fbs,ACC,,,,1426.0,,,,,,2026-11-07 12:00:00-05:00,Saturday,2026-11-07 12:00:00-05:00,,,,,,,2026-11-07,,,False,40000.0
401869936,2026,10,regular,2026-11-07 20:00:00+00:00,False,False,False,True,,3625,Centennial Bank Stadium,2032,Arkansas State Red Wolves,fbs,Sun Belt,,,,1321,,2433,Louisiana Monroe Warhawks,fbs,Sun Belt,,,,1014.0,,,,,,2026-11-07 15:00:00-05:00,Saturday,2026-11-07 15:00:00-05:00,,,,,,,2026-11-07,,,False,30406.0
401871073,2026,10,regular,2026-11-07 20:00:00+00:00,False,False,False,True,,4899,Fifth Third Stadium,338,Kennesaw State Owls,fbs,Conference USA,,,,1284,,48,Delaware Blue Hens,fbs,Conference USA,,,,1328.0,,,,,,2026-11-07 15:00:00-05:00,Saturday,2026-11-07 15:00:00-05:00,,,,,,,2026-11-07,,,False,10200.0
401862820,2026,10,regular,2026-11-07 20:30:00+00:00,False,False,False,True,,3852,Navy-Marine Corps Memorial Stadium,2426,Navy Midshipmen,fbs,American Athletic,,,,1498,,218,Temple Owls,fbs,American Athletic,,,,1365.0,,,,,,2026-11-07 15:30:00-05:00,Saturday,2026-11-07 15:30:00-05:00,,,,,,,2026-11-07,,,False,34000.0
401871076,2026,10,regular,2026-11-07 20:30:00+00:00,False,False,False,True,,3725,"Johnny ""Red"" Floyd Stadium",2393,Middle Tennessee Blue Raiders,fbs,Conference USA,,,,1146,,98,Western Kentucky Hilltoppers,fbs,Conference USA,,,,1191.0,,,,,,2026-11-07 15:30:00-05:00,Saturday,2026-11-07 15:30:00-05:00,,,,,,,2026-11-07,,,False,27303.0
401871074,2026,10,regular,2026-11-07 21:00:00+00:00,False,False,False,True,,2031,Pitbull Stadium,2229,Florida International Panthers,fbs,Conference USA,,,,1392,,2623,Missouri State Bears,fbs,Conference USA,,,,1292.0,,,,,,2026-11-07 16:00:00-05:00,Saturday,2026-11-07 16:00:00-05:00,,,,,,,2026-11-07,,,False,20000.0
401870795,2026,10,regular,2026-11-07 22:00:00+00:00,False,False,False,True,,3601,Aggie Memorial Stadium,166,New Mexico State Aggies,fbs,Conference USA,,,,1282,,2335,Liberty Flames,fbs,Conference USA,,,,1725.0,,,,,,2026-11-07 17:00:00-05:00,Saturday,2026-11-07 17:00:00-05:00,,,,,,,2026-11-07,,,False,28853.0
401860911,2026,10,regular,2026-11-07 23:00:00+00:00,False,False,False,True,,5388,Canvas Stadium,36,Colorado State Rams,fbs,Pac-12,,,,1233,,68,Boise State Broncos,fbs,Pac-12,,,,1681.0,,,,,,2026-11-07 18:00:00-05:00,Saturday,2026-11-07 18:00:00-05:00,,,,,,,2026-11-07,,23.0,False,36500.0
401871075,2026,10,regular,2026-11-08 00:00:00+00:00,False,False,False,True,,3662,AmFirst Stadium,55,Jacksonville State Gamecocks,fbs,Conference USA,,,,1435,,2534,Sam Houston State Bearkats,fbs,Conference USA,,,,1142.0,,,,,,2026-11-07 19:00:00-05:00,Saturday,2026-11-07 19:00:00-05:00,,,,,,,2026-11-08,,,False,24000.0
401858291,2026,10,regular,2026-11-08 00:30:00+00:00,False,False,False,False,,3855,Notre Dame Stadium,87,Notre Dame Fighting Irish,fbs,FBS Independents,,,,2054,,2390,Miami Hurricanes,fbs,ACC,,,,1993.0,,,,,,2026-11-07 19:30:00-05:00,Saturday,2026-11-07 19:30:00-05:00,,,,,,,2026-11-08,3.0,4.0,True,77622.0
401862823,2026,10,regular,2026-11-08 00:30:00+00:00,False,False,False,False,,3841,Michie Stadium,349,Army West Point Black Knights,fbs,American Athletic,,,,1522,,2005,Air Force Falcons,fbs,Mountain West,,,,1437.0,,,,,,2026-11-07 19:30:00-05:00,Saturday,2026-11-07 19:30:00-05:00,,,,,,,2026-11-08,,,False,38000.0
401860913,2026,10,regular,2026-11-08 02:30:00+00:00,False,False,False,True,,3905,Maverik Stadium,328,Utah State Aggies,fbs,Pac-12,,,,1358,,278,Fresno State Bulldogs,fbs,Pac-12,,,,1645.0,,,,,,2026-11-07 21:30:00-05:00,Saturday,2026-11-07 21:30:00-05:00,,,,,,,2026-11-08,,,False,25513.0
401860912,2026,10,regular,2026-11-08 03:30:00+00:00,False,False,False,True,,3893,Reser Stadium,204,Oregon State Beavers,fbs,Pac-12,,,,1418,,326,Texas State Bobcats,fbs,Pac-12,,,,1489.0,,,,,,2026-11-07 22:30:00-05:00,Saturday,2026-11-07 22:30:00-05:00,,,,,,,2026-11-08,,,False,35548.0
401864535,2026,10,regular,2026-11-08 03:30:00+00:00,False,False,False,True,,6501,Allegiant Stadium,2439,UNLV Rebels,fbs,Mountain West,,,,1494,,2751,Wyoming Cowboys,fbs,Mountain West,,,,1280.0,,,,,,2026-11-07 22:30:00-05:00,Saturday,2026-11-07 22:30:00-05:00,,,,,,,2026-11-08,,,False,65000.0
401866458,2026,11,regular,2026-11-11 00:00:00+00:00,False,False,False,True,,3768,InfoCision Stadium,2006,Akron Zips,fbs,Mid-American,,,,862,,2711,Western Michigan Broncos,fbs,Mid-American,,,,1457.0,,,,,,2026-11-10 19:00:00-05:00,Tuesday,2026-11-10 19:00:00-05:00,,,,,,,2026-11-11,,,False,30000.0
401866459,2026,11,regular,2026-11-11 00:00:00+00:00,False,False,False,True,,3700,Doyt L. Perry Stadium,189,Bowling Green State Falcons,fbs,Mid-American,,,,1170,,2309,Kent State Golden Flashes,fbs,Mid-American,,,,1050.0,,,,,,2026-11-10 19:00:00-05:00,Tuesday,2026-11-10 19:00:00-05:00,,,,,,,2026-11-11,,,False,33572.0
401866460,2026,11,regular,2026-11-11 00:00:00+00:00,False,False,False,True,,3996,Yager Stadium,193,Miami (OH) RedHawks,fbs,Mid-American,,,,1253,,195,Ohio Bobcats,fbs,Mid-American,,,,1307.0,,,,,,2026-11-10 19:00:00-05:00,Tuesday,2026-11-10 19:00:00-05:00,,,,,,,2026-11-11,,,False,24286.0
401866461,2026,11,regular,2026-11-11 05:00:00+00:00,True,False,False,True,,3919,Scheumann Stadium,2050,Ball State Cardinals,fbs,Mid-American,,,,1065,,2084,Buffalo Bulls,fbs,Mid-American,,,,1294.0,,,,,,2026-11-11 00:00:00-05:00,Wednesday,,,,,,,,2026-11-11,,,False,22500.0
401866462,2026,11,regular,2026-11-11 05:00:00+00:00,True,False,False,True,,3786,Kelly/Shorts Stadium,2117,Central Michigan Chippewas,fbs,Mid-American,,,,1248,,16,Sacramento State Hornets,fbs,Mid-American,,,,1185.0,,,,,,2026-11-11 00:00:00-05:00,Wednesday,,,,,,,,2026-11-11,,,False,30255.0
401866463,2026,11,regular,2026-11-11 05:00:00+00:00,True,False,False,True,,3739,Glass Bowl,2649,Toledo Rockets,fbs,Mid-American,,,,1598,,113,UMass Minutemen,fbs,Mid-American,,,,1124.0,,,,,,2026-11-11 00:00:00-05:00,Wednesday,,,,,,,,2026-11-11,,,False,26038.0
401862824,2026,11,regular,2026-11-13 01:00:00+00:00,False,False,False,True,,3886,Raymond James Stadium,58,South Florida Bulls,fbs,American Athletic,,,,1623,,235,Memphis Tigers,fbs,American Athletic,,,,1627.0,,,,,,2026-11-12 20:00:00-05:00,Thursday,2026-11-12 20:00:00-05:00,,,,,,,2026-11-13,,,False,65857.0
401869969,2026,11,regular,2026-11-13 02:00:00+00:00,False,False,False,True,,3817,Malone Stadium,2433,Louisiana Monroe Warhawks,fbs,Sun Belt,,,,1014,,309,Louisiana Lafayette Ragin Cajuns,fbs,Sun Belt,,,,1442.0,,,,,,2026-11-12 21:00:00-05:00,Thursday,2026-11-12 21:00:00-05:00,,,,,,,2026-11-13,,,False,27617.0
401858293,2026,11,regular,2026-11-14 00:00:00+00:00,False,False,False,True,,3752,Acrisure Stadium,221,Pittsburgh Panthers,fbs,ACC,,,,1668,,52,Florida State Seminoles,fbs,ACC,,,,1656.0,,,,,,2026-11-13 19:00:00-05:00,Friday,2026-11-13 19:00:00-05:00,,,,,,,2026-11-14,25.0,,False,68400.0
401858526,2026,11,regular,2026-11-14 02:00:00+00:00,False,False,False,True,,1056,Rose Bowl,26,UCLA Bruins,fbs,Big Ten,,,,1660,,356,Illinois Fighting Illini,fbs,Big Ten,,,,1539.0,,,,,,2026-11-13 21:00:00-05:00,Friday,2026-11-13 21:00:00-05:00,,,,,,,2026-11-14,21.0,,False,88565.0
401856860,2026,11,regular,2026-11-14 03:15:00+00:00,False,False,False,True,,3726,Folsom Field,38,Colorado Buffaloes,fbs,Big 12,,,,1325,,248,Houston Cougars,fbs,Big 12,,,,1550.0,,,,,,2026-11-13 22:15:00-05:00,Friday,2026-11-13 22:15:00-05:00,,,,,,,2026-11-14,,22.0,False,50183.0
401869928,2026,11,regular,2026-11-14 05:00:00+00:00,True,False,False,True,,3775,Joan C. Edwards Stadium,276,Marshall Thundering Herd,fbs,Sun Belt,,,,1363,,2026,Appalachian State Mountaineers,fbs,Sun Belt,,,,1320.0,,,,,,2026-11-14 00:00:00-05:00,Saturday,,,,,,,,2026-11-14,,,False,30475.0
401856883,2026,11,regular,2026-11-14 05:00:00+00:00,True,False,False,True,,3917,Sanford Stadium,61,Georgia Bulldogs,fbs,SEC,,,,2052,,142,Missouri Tigers,fbs,SEC,,,,1761.0,,,,FLEX: 3:30 - 4:30pm OR 6 - 8pm ET start,,2026-11-14 00:00:00-05:00,Saturday,,,,,,,,2026-11-14,2.0,14.0,True,93033.0
401869952,2026,11,regular,2026-11-14 05:00:00+00:00,True,False,False,True,,4246,Center Parc Stadium,2247,Georgia State Panthers,fbs,Sun Belt,,,,1402,,290,Georgia Southern Eagles,fbs,Sun Belt,,,,1349.0,,,,,,2026-11-14 00:00:00-05:00,Saturday,,,,,,,,2026-11-14,,,False,24333.0
401856858,2026,11,regular,2026-11-14 05:00:00+00:00,True,False,False,True,,3801,LaVell Edwards Stadium,252,BYU Cougars,fbs,Big 12,,,,1699,,239,Baylor Bears,fbs,Big 12,,,,1643.0,,,,,,2026-11-14 00:00:00-05:00,Saturday,,,,,,,,2026-11-14,8.0,,False,62073.0
401856882,2026,11,regular,2026-11-14 05:00:00+00:00,True,False,False,True,,3887,Razorback Stadium,8,Arkansas Razorbacks,fbs,SEC,,,,1472,,2579,South Carolina Gamecocks,fbs,SEC,,,,1649.0,,,,FLEX: 3:30 - 4:30pm OR 6 - 8pm ET start,,2026-11-14 00:00:00-05:00,Saturday,,,,,,,,2026-11-14,,,False,80000.0
401856864,2026,11,regular,2026-11-14 05:00:00+00:00,True,False,False,True,,3619,Arizona Stadium,12,Arizona Wildcats,fbs,Big 12,,,,1702,,254,Utah Utes,fbs,Big 12,,,,1918.0,,,,,,2026-11-14 00:00:00-05:00,Saturday,,,,,,,,2026-11-14,,12.0,False,50782.0
401869937,2026,11,regular,2026-11-14 05:00:00+00:00,True,False,False,True,,3654,Brooks Stadium (SC),324,Coastal Carolina Chanticleers,fbs,Sun Belt,,,,1262,,2032,Arkansas State Red Wolves,fbs,Sun Belt,,,,1321.0,,,,,,2026-11-14 00:00:00-05:00,Saturday,,,,,,,,2026-11-14,,,False,21000.0
401856887,2026,11,regular,2026-11-14 05:00:00+00:00,True,False,False,True,,3835,"Memorial Stadium (Norman, OK)",201,Oklahoma Sooners,fbs,SEC,,,,1731,,145,Mississippi Rebels,fbs,SEC,,,,1776.0,,,,AFTERNOON: 3:30 - 4:30pm ET start,,2026-11-14 00:00:00-05:00,Saturday,,,,,,,,2026-11-14,,9.0,False,86112.0
401856885,2026,11,regular,2026-11-14 05:00:00+00:00,True,False,False,True,,3958,Tiger Stadium (LA),99,LSU Tigers,fbs,SEC,,,,1868,,251,Texas Longhorns,fbs,SEC,,,,1930.0,,,,FLEX: 3:30 - 4:30pm OR 6 - 8pm ET start,,2026-11-14 00:00:00-05:00,Saturday,,,,,,,,2026-11-14,10.0,1.0,True,102321.0
401856889,2026,11,regular,2026-11-14 05:00:00+00:00,True,False,False,True,,3973,FirstBank Stadium,238,Vanderbilt Commodores,fbs,SEC,,,,1702,,333,Alabama Crimson Tide,fbs,SEC,,,,1991.0,,,,EARLY: Noon - 1pm ET start,,2026-11-14 00:00:00-05:00,Saturday,,,,,,,,2026-11-14,,6.0,False,40350.0
401858519,2026,11,regular,2026-11-14 05:00:00+00:00,True,False,False,True,,3793,Kinnick Stadium,2294,Iowa Hawkeyes,fbs,Big Ten,,,,1821,,2509,Purdue Boilermakers,fbs,Big Ten,,,,1326.0,,,,,,2026-11-14 00:00:00-05:00,Saturday,,,,,,,,2026-11-14,20.0,,False,69250.0
401858300,2026,11,regular,2026-11-14 05:00:00+00:00,True,False,False,True,,3670,Carter-Finley Stadium,152,North Carolina State Wolfpack,fbs,ACC,,,,1517,,183,Syracuse Orange,fbs,ACC,,,,1300.0,,,,,,2026-11-14 00:00:00-05:00,Saturday,,,,,,,,2026-11-14,,,False,58000.0
401862825,2026,11,regular,2026-11-14 05:00:00+00:00,True,False,False,True,,4418,Jerry Richardson Stadium,2429,Charlotte,fbs,American Athletic,,,,1022,,151,East Carolina Pirates,fbs,American Athletic,,,,1456.0,,,,,,2026-11-14 00:00:00-05:00,Saturday,,,,,,,,2026-11-14,,,False,15300.0
401871100,2026,11,regular,2026-11-14 05:00:00+00:00,True,False,False,True,,6526,Hancock Whitney Stadium,6,South Alabama Jaguars,fbs,Sun Belt,,,,1354,,2653,Troy Trojans,fbs,Sun Belt,,,,1395.0,,,,,,2026-11-14 00:00:00-05:00,Saturday,,,,,,,,2026-11-14,,,False,25450.0
401871099,2026,11,regular,2026-11-14 05:00:00+00:00,True,False,False,True,,3776,Joe Aillet Stadium,2348,Louisiana Tech Bulldogs,fbs,Sun Belt,,,,1379,,2572,Southern Miss Golden Eagles,fbs,Sun Belt,,,,1227.0,,,,,,2026-11-14 00:00:00-05:00,Saturday,,,,,,,,2026-11-14,,,False,28562.0
401864536,2026,11,regular,2026-11-14 05:00:00+00:00,True,False,False,True,,3764,Huskie Stadium,2459,Northern Illinois Huskies,fbs,Mountain West,,,,1194,,2440,Nevada Wolf Pack,fbs,Mountain West,,,,1435.0,,,,,,2026-11-14 00:00:00-05:00,Saturday,,,,,,,,2026-11-14,,,False,23595.0
401864540,2026,11,regular,2026-11-14 05:00:00+00:00,True,False,False,True,,3946,Sun Bowl,2638,UTEP Miners,fbs,Mountain West,,,,984,,2751,Wyoming Cowboys,fbs,Mountain West,,,,1280.0,,,,,,2026-11-14 00:00:00-05:00,Saturday,,,,,,,,2026-11-14,,,False,51500.0
401862829,2026,11,regular,2026-11-14 05:00:00+00:00,True,False,False,True,,3806,Lincoln Financial Field,218,Temple Owls,fbs,American Athletic,,,,1365,,5,UAB Blazers,fbs,American Athletic,,,,1400.0,,,,,,2026-11-14 00:00:00-05:00,Saturday,,,,,,,,2026-11-14,,,False,67594.0
401856888,2026,11,regular,2026-11-14 05:00:00+00:00,True,False,False,True,,3795,Kyle Field,245,Texas A&M Aggies,fbs,SEC,,,,1786,,2633,Tennessee Volunteers,fbs,SEC,,,,1786.0,,,,FLEX: 3:30 - 4:30pm OR 6 - 8pm ET start,,2026-11-14 00:00:00-05:00,Saturday,,,,,,,,2026-11-14,,15.0,False,102733.0
401858524,2026,11,regular,2026-11-14 05:00:00+00:00,True,False,False,True,,3632,Beaver Stadium,213,Penn State Nittany Lions,fbs,Big Ten,,,,1821,,135,Minnesota Golden Gophers,fbs,Big Ten,,,,1526.0,,,,,,2026-11-14 00:00:00-05:00,Saturday,,,,,,,,2026-11-14,,,False,106572.0
401858522,2026,11,regular,2026-11-14 05:00:00+00:00,True,False,False,True,,3861,Ohio Stadium,194,Ohio State Buckeyes,fbs,Big Ten,,,,2064,,77,Northwestern Wildcats,fbs,Big Ten,,,,1720.0,,,,,,2026-11-14 00:00:00-05:00,Saturday,,,,,,,,2026-11-14,5.0,,False,102780.0
401858525,2026,11,regular,2026-11-14 05:00:00+00:00,True,False,False,True,,6577,SHI Stadium,164,Rutgers Scarlet Knights,fbs,Big Ten,,,,1383,,158,Nebraska Cornhuskers,fbs,Big Ten,,,,1751.0,,,,,,2026-11-14 00:00:00-05:00,Saturday,,,,,,,,2026-11-14,,,False,52454.0
401858520,2026,11,regular,2026-11-14 05:00:00+00:00,True,False,False,True,,3665,SECU Stadium,120,Maryland Terrapins,fbs,Big Ten,,,,1297,,275,Wisconsin Badgers,fbs,Big Ten,,,,1673.0,,,,,,2026-11-14 00:00:00-05:00,Saturday,,,,,,,,2026-11-14,,,False,46185.0
401858301,2026,11,regular,2026-11-14 05:00:00+00:00,True,False,False,True,,3735,Gerald J. Ford Stadium,2567,Southern Methodist (SMU) Mustangs,fbs,ACC,,,,1689,,154,Wake Forest Demon Deacons,fbs,ACC,,,,1669.0,,,,,,2026-11-14 00:00:00-05:00,Saturday,,,,,,,,2026-11-14,24.0,,False,32000.0
401858299,2026,11,regular,2026-11-14 05:00:00+00:00,True,False,False,True,,3799,Lane Stadium,259,Virginia Tech Hokies,fbs,ACC,,,,1501,,24,Stanford Cardinal,fbs,ACC,,,,1194.0,,,,,,2026-11-14 00:00:00-05:00,Saturday,,,,,,,,2026-11-14,,,False,65632.0
401858298,2026,11,regular,2026-11-14 05:00:00+00:00,True,False,False,True,,3787,Kenan Stadium,153,North Carolina Tar Heels,fbs,ACC,,,,1426,,97,Louisville Cardinals,fbs,ACC,,,,1671.0,,,,,,2026-11-14 00:00:00-05:00,Saturday,,,,,,,,2026-11-14,,,False,50500.0
401858297,2026,11,regular,2026-11-14 05:00:00+00:00,True,False,False,True,,3836,"Memorial Stadium (Clemson, SC)",228,Clemson Tigers,fbs,ACC,,,,1541,,59,Georgia Tech Yellow Jackets,fbs,ACC,,,,1493.0,,,,,,2026-11-14 00:00:00-05:00,Saturday,,,,,,,,2026-11-14,,,False,81500.0
401858296,2026,11,regular,2026-11-14 05:00:00+00:00,True,False,False,True,,3948,Hard Rock Stadium,2390,Miami Hurricanes,fbs,ACC,,,,1993,,150,Duke Blue Devils,fbs,ACC,,,,1656.0,,,,,,2026-11-14 00:00:00-05:00,Saturday,,,,,,,,2026-11-14,4.0,,False,64767.0
401858295,2026,11,regular,2026-11-14 05:00:00+00:00,True,False,False,True,,3923,Scott Stadium,258,Virginia Cavaliers,fbs,ACC,,,,1595,,25,California Golden Bears,fbs,ACC,,,,1335.0,,,,,,2026-11-14 00:00:00-05:00,Saturday,,,,,,,,2026-11-14,,,False,61500.0
401856886,2026,11,regular,2026-11-14 05:00:00+00:00,True,False,False,True,,3693,Davis Wade Stadium,344,Mississippi State Bulldogs,fbs,SEC,,,,1612,,2,Auburn Tigers,fbs,SEC,,,,1669.0,,,,EARLY: Noon - 1pm ET start,,2026-11-14 00:00:00-05:00,Saturday,,,,,,,,2026-11-14,17.0,,False,61337.0
401856863,2026,11,regular,2026-11-14 05:00:00+00:00,True,False,False,True,,3646,Boone Pickens Stadium,197,Oklahoma State Cowboys,fbs,Big 12,,,,1330,,2641,Texas Tech Red Raiders,fbs,Big 12,,,,1862.0,,,,,,2026-11-14 00:00:00-05:00,Saturday,,,,,,,,2026-11-14,18.0,11.0,True,52305.0
401856861,2026,11,regular,2026-11-14 05:00:00+00:00,True,False,False,True,,3842,Milan Puskar Stadium,277,West Virginia Mountaineers,fbs,Big 12,,,,1355,,2305,Kansas Jayhawks,fbs,Big 12,,,,1625.0,,,,,,2026-11-14 00:00:00-05:00,Saturday,,,,,,,,2026-11-14,,,False,60000.0
401862828,2026,11,regular,2026-11-14 05:00:00+00:00,True,False,False,True,,3895,Rice Stadium,242,Rice Owls,fbs,American Athletic,,,,1184,,2655,Tulane Green Wave,fbs,American Athletic,,,,1517.0,,,,,,2026-11-14 00:00:00-05:00,Saturday,,,,,,,,2026-11-14,,,False,47000.0
401856859,2026,11,regular,2026-11-14 05:00:00+00:00,True,False,False,True,,3772,Jack Trice Stadium,66,Iowa State Cyclones,fbs,Big 12,,,,1669,,2132,Cincinnati Bearcats,fbs,Big 12,,,,1469.0,,,,,,2026-11-14 00:00:00-05:00,Saturday,,,,,,,,2026-11-14,,,False,61500.0
401862827,2026,11,regular,2026-11-14 05:00:00+00:00,True,False,False,True,,3604,Alamodome,2636,UTSA Roadrunners,fbs,American Athletic,,,,1504,,249,North Texas Mean Green,fbs,American Athletic,,,,1629.0,,,,,,2026-11-14 00:00:00-05:00,Saturday,,,,,,,,2026-11-14,,,False,64000.0
401856862,2026,11,regular,2026-11-14 05:00:00+00:00,True,False,False,True,,3616,Amon G. Carter Stadium,2628,TCU Horned Frogs,fbs,Big 12,,,,1600,,2306,Kansas State Wildcats,fbs,Big 12,,,,1679.0,,,,,,2026-11-14 00:00:00-05:00,Saturday,,,,,,,,2026-11-14,,,False,47000.0
401858521,2026,11,regular,2026-11-14 05:00:00+00:00,True,False,False,True,,3936,Spartan Stadium,127,Michigan State Spartans,fbs,Big Ten,,,,1449,,264,Washington Huskies,fbs,Big Ten,,,,1734.0,,,,,,2026-11-14 00:00:00-05:00,Saturday,,,,,,,,2026-11-14,,,False,74866.0
401858518,2026,11,regular,2026-11-14 05:00:00+00:00,True,False,False,True,,3830,"Memorial Stadium (Bloomington, IN)",84,Indiana Hoosiers,fbs,Big Ten,,,,2114,,30,USC Trojans,fbs,Big Ten,,,,1785.0,,,,,,2026-11-14 00:00:00-05:00,Saturday,,,,,,,,2026-11-14,7.0,19.0,True,52656.0
401862826,2026,11,regular,2026-11-14 05:00:00+00:00,True,False,False,True,,3674,Chapman Stadium,202,Tulsa Golden Hurricane,fbs,American Athletic,,,,1238,,2226,Florida Atlantic Owls,fbs,American Athletic,,,,1300.0,,,,,,2026-11-14 00:00:00-05:00,Saturday,,,,,,,,2026-11-14,,,False,30000.0
401858523,2026,11,regular,2026-11-14 05:00:00+00:00,True,False,False,True,,3626,Autzen Stadium,2483,Oregon Ducks,fbs,Big Ten,,,,1844,,130,Michigan Wolverines,fbs,Big Ten,,,,1719.0,,,,,,2026-11-14 00:00:00-05:00,Saturday,,,,,,,,2026-11-14,13.0,,False,54000.0
401856884,2026,11,regular,2026-11-14 05:00:00+00:00,True,False,False,True,,3683,Kroger Field,96,Kentucky Wildcats,fbs,SEC,,,,1559,,57,Florida Gators,fbs,SEC,,,,1669.0,,,,NIGHT: 6 - 8pm ET start,,2026-11-14 00:00:00-05:00,Saturday,,,,,,,,2026-11-14,,16.0,False,61000.0
401856857,2026,11,regular,2026-11-14 05:00:00+00:00,True,False,False,True,,3652,FBC Mortgage Stadium,2116,UCF Knights,fbs,Big 12,,,,1488,,9,Arizona State Sun Devils,fbs,Big 12,,,,1429.0,,,,,,2026-11-14 00:00:00-05:00,Saturday,,,,,,,,2026-11-14,,,False,44206.0
401861967,2026,11,regular,2026-11-14 17:00:00+00:00,False,False,False,False,,3892,Pratt & Whitney Stadium,41,UConn Huskies,fbs,FBS Independents,,,,1460,,256,James Madison Dukes,fbs,Sun Belt,,,,1821.0,,,,,,2026-11-14 12:00:00-05:00,Saturday,2026-11-14 12:00:00-05:00,,,,,,,2026-11-14,,,False,40000.0
401870769,2026,11,regular,2026-11-14 19:00:00+00:00,False,False,False,True,,3647,Elliott T. Bowers Stadium,2534,Sam Houston State Bearkats,fbs,Conference USA,,,,1142,,338,Kennesaw State Owls,fbs,Conference USA,,,,1284.0,,,,,,2026-11-14 14:00:00-05:00,Saturday,2026-11-14 14:00:00-05:00,,,,,,,2026-11-14,,,False,14000.0
401871060,2026,11,regular,2026-11-14 20:00:00+00:00,False,False,False,True,,3695,Delaware Stadium,48,Delaware Blue Hens,fbs,Conference USA,,,,1328,,2229,Florida International Panthers,fbs,Conference USA,,,,1392.0,,,,,,2026-11-14 15:00:00-05:00,Saturday,2026-11-14 15:00:00-05:00,,,,,,,2026-11-14,,,False,18500.0
401870796,2026,11,regular,2026-11-14 20:00:00+00:00,False,False,False,True,,3878,Plaster Sports Complex,2623,Missouri State Bears,fbs,Conference USA,,,,1292,,166,New Mexico State Aggies,fbs,Conference USA,,,,1282.0,,,,,,2026-11-14 15:00:00-05:00,Saturday,2026-11-14 15:00:00-05:00,,,,,,,2026-11-14,,,False,17337.0
401870752,2026,11,regular,2026-11-14 20:30:00+00:00,False,False,False,True,,3796,Houchens Industries-L.T. Smith Stadium,98,Western Kentucky Hilltoppers,fbs,Conference USA,,,,1191,,55,Jacksonville State Gamecocks,fbs,Conference USA,,,,1435.0,,,,,,2026-11-14 15:30:00-05:00,Saturday,2026-11-14 15:30:00-05:00,,,,,,,2026-11-14,,,False,22113.0
401858294,2026,11,regular,2026-11-14 20:30:00+00:00,False,False,False,False,,3855,Notre Dame Stadium,87,Notre Dame Fighting Irish,fbs,FBS Independents,,,,2054,,103,Boston College Eagles,fbs,ACC,,,,1381.0,,,,,,2026-11-14 15:30:00-05:00,Saturday,2026-11-14 15:30:00-05:00,,,,,,,2026-11-14,3.0,,False,77622.0
401871061,2026,11,regular,2026-11-14 20:30:00+00:00,False,False,False,True,,3992,Williams Stadium (VA),2335,Liberty Flames,fbs,Conference USA,,,,1725,,2393,Middle Tennessee Blue Raiders,fbs,Conference USA,,,,1146.0,,,,,,2026-11-14 15:30:00-05:00,Saturday,2026-11-14 15:30:00-05:00,,,,,,,2026-11-14,,,False,25000.0
401860916,2026,11,regular,2026-11-14 21:00:00+00:00,False,False,False,True,,3644,Bobcat Stadium (TX),326,Texas State Bobcats,fbs,Pac-12,,,,1489,,278,Fresno State Bulldogs,fbs,Pac-12,,,,1645.0,,,,,,2026-11-14 16:00:00-05:00,Saturday,2026-11-14 16:00:00-05:00,,,,,,,2026-11-14,,,False,30000.0
401860914,2026,11,regular,2026-11-14 23:00:00+00:00,False,False,False,True,,3653,Albertsons Stadium,68,Boise State Broncos,fbs,Pac-12,,,,1681,,204,Oregon State Beavers,fbs,Pac-12,,,,1418.0,,,,,,2026-11-14 18:00:00-05:00,Saturday,2026-11-14 18:00:00-05:00,,,,,,,2026-11-14,23.0,,False,36387.0
401864538,2026,11,regular,2026-11-15 00:00:00+00:00,False,False,False,True,,3713,Falcon Stadium,2005,Air Force Falcons,fbs,Mountain West,,,,1437,,23,San Jose State Spartans,fbs,Mountain West,,,,1398.0,,,,,,2026-11-14 19:00:00-05:00,Saturday,2026-11-14 19:00:00-05:00,,,,,,,2026-11-15,,,False,39441.0
401864539,2026,11,regular,2026-11-15 00:30:00+00:00,False,False,False,True,,3971,University Stadium (NM),167,New Mexico Lobos,fbs,Mountain West,,,,1683,,2439,UNLV Rebels,fbs,Mountain West,,,,1494.0,,,,,,2026-11-14 19:30:00-05:00,Saturday,2026-11-14 19:30:00-05:00,,,,,,,2026-11-15,,,False,39224.0
401860915,2026,11,regular,2026-11-15 02:30:00+00:00,False,False,False,True,,7311,Snapdragon Stadium,21,San Diego State Aztecs,fbs,Pac-12,,,,1417,,328,Utah State Aggies,fbs,Pac-12,,,,1358.0,,,,,,2026-11-14 21:30:00-05:00,Saturday,2026-11-14 21:30:00-05:00,,,,,,,2026-11-15,,,False,35000.0
401860917,2026,11,regular,2026-11-15 03:30:00+00:00,False,False,False,True,,3820,Gesa Field,265,Washington State Cougars,fbs,Pac-12,,,,1480,,36,Colorado State Rams,fbs,Pac-12,,,,1233.0,,,,,,2026-11-14 22:30:00-05:00,Saturday,2026-11-14 22:30:00-05:00,,,,,,,2026-11-15,,,False,32952.0
401864537,2026,11,regular,2026-11-15 04:59:00+00:00,False,False,False,True,,7220,Clarence T.C. Ching Athletics Complex,62,Hawaii Rainbow Warriors,fbs,Mountain West,,,,1373,,2449,North Dakota State,fbs,Mountain West,,,,1636.0,,,,,,2026-11-14 23:59:00-05:00,Saturday,2026-11-14 23:59:00-05:00,,,,,,,2026-11-15,,,False,15194.0
401866466,2026,12,regular,2026-11-18 00:00:00+00:00,False,False,False,True,,3696,Dix Stadium,2309,Kent State Golden Flashes,fbs,Mid-American,,,,1050,,193,Miami (OH) RedHawks,fbs,Mid-American,,,,1253.0,,,,,,2026-11-17 19:00:00-05:00,Tuesday,2026-11-17 19:00:00-05:00,,,,,,,2026-11-18,,,False,25319.0
401866465,2026,12,regular,2026-11-18 00:00:00+00:00,False,False,False,True,,3980,Waldo Stadium,2711,Western Michigan Broncos,fbs,Mid-American,,,,1457,,2199,Eastern Michigan Eagles,fbs,Mid-American,,,,1252.0,,,,,,2026-11-17 19:00:00-05:00,Tuesday,2026-11-17 19:00:00-05:00,,,,,,,2026-11-18,,,False,36361.0
401866464,2026,12,regular,2026-11-18 00:00:00+00:00,False,False,False,True,,3876,Peden Stadium,195,Ohio Bobcats,fbs,Mid-American,,,,1307,,2050,Ball State Cardinals,fbs,Mid-American,,,,1065.0,,,,,,2026-11-17 19:00:00-05:00,Tuesday,2026-11-17 19:00:00-05:00,,,,,,,2026-11-18,,,False,24000.0
401866469,2026,12,regular,2026-11-18 05:00:00+00:00,True,False,False,True,,3965,UB Stadium,2084,Buffalo Bulls,fbs,Mid-American,,,,1294,,2117,Central Michigan Chippewas,fbs,Mid-American,,,,1248.0,,,,,,2026-11-18 00:00:00-05:00,Wednesday,,,,,,,,2026-11-18,,,False,25013.0
401866467,2026,12,regular,2026-11-18 05:00:00+00:00,True,False,False,True,,3985,Warren McGuirk Alumni Stadium,113,UMass Minutemen,fbs,Mid-American,,,,1124,,2006,Akron Zips,fbs,Mid-American,,,,862.0,,,,,,2026-11-18 00:00:00-05:00,Wednesday,,,,,,,,2026-11-18,,,False,17000.0
401862830,2026,12,regular,2026-11-20 00:30:00+00:00,False,False,False,True,,3806,Lincoln Financial Field,218,Temple Owls,fbs,American Athletic,,,,1365,,242,Rice Owls,fbs,American Athletic,,,,1184.0,,,,,,2026-11-19 19:30:00-05:00,Thursday,2026-11-19 19:30:00-05:00,,,,,,,2026-11-20,,,False,67594.0
401856869,2026,12,regular,2026-11-20 23:00:00+00:00,False,False,False,True,,3652,FBC Mortgage Stadium,2116,UCF Knights,fbs,Big 12,,,,1488,,66,Iowa State Cyclones,fbs,Big 12,,,,1669.0,,,,,,2026-11-20 18:00:00-05:00,Friday,2026-11-20 18:00:00-05:00,,,,,,,2026-11-20,,,False,44206.0
401866468,2026,12,regular,2026-11-21 00:30:00+00:00,False,False,False,True,,3739,Glass Bowl,2649,Toledo Rockets,fbs,Mid-American,,,,1598,,189,Bowling Green State Falcons,fbs,Mid-American,,,,1170.0,,,,,,2026-11-20 19:30:00-05:00,Friday,2026-11-20 19:30:00-05:00,,,,,,,2026-11-21,,,False,26038.0
401858303,2026,12,regular,2026-11-21 00:30:00+00:00,False,False,False,True,,3982,Wallace Wade Stadium,150,Duke Blue Devils,fbs,ACC,,,,1656,,228,Clemson Tigers,fbs,ACC,,,,1541.0,,,,,,2026-11-20 19:30:00-05:00,Friday,2026-11-20 19:30:00-05:00,,,,,,,2026-11-21,,,False,40004.0
401864545,2026,12,regular,2026-11-21 01:00:00+00:00,False,False,False,True,,3713,Falcon Stadium,2005,Air Force Falcons,fbs,Mountain West,,,,1437,,2638,UTEP Miners,fbs,Mountain West,,,,984.0,,,,,,2026-11-20 20:00:00-05:00,Friday,2026-11-20 20:00:00-05:00,,,,,,,2026-11-21,,,False,39441.0
401858529,2026,12,regular,2026-11-21 01:00:00+00:00,False,False,False,True,,3936,Spartan Stadium,127,Michigan State Spartans,fbs,Big Ten,,,,1449,,2483,Oregon Ducks,fbs,Big Ten,,,,1844.0,,,,,,2026-11-20 20:00:00-05:00,Friday,2026-11-20 20:00:00-05:00,,,,,,,2026-11-21,,13.0,False,74866.0
401858528,2026,12,regular,2026-11-21 05:00:00+00:00,True,False,False,True,,3558,Michigan Stadium,130,Michigan Wolverines,fbs,Big Ten,,,,1719,,26,UCLA Bruins,fbs,Big Ten,,,,1660.0,,,,,,2026-11-21 00:00:00-05:00,Saturday,,,,,,,,2026-11-21,,21.0,False,107601.0
401862836,2026,12,regular,2026-11-21 05:00:00+00:00,True,False,False,True,,7221,Protective Stadium,5,UAB Blazers,fbs,American Athletic,,,,1400,,2636,UTSA Roadrunners,fbs,American Athletic,,,,1504.0,,,,,,2026-11-21 00:00:00-05:00,Saturday,,,,,,,,2026-11-21,,,False,47100.0
401869946,2026,12,regular,2026-11-21 05:00:00+00:00,True,False,False,True,,3666,Cajun Field,309,Louisiana Lafayette Ragin Cajuns,fbs,Sun Belt,,,,1442,,324,Coastal Carolina Chanticleers,fbs,Sun Belt,,,,1262.0,,,,,,2026-11-21 00:00:00-05:00,Saturday,,,,,,,,2026-11-21,,,False,30000.0
401869958,2026,12,regular,2026-11-21 05:00:00+00:00,True,False,False,True,,3775,Joan C. Edwards Stadium,276,Marshall Thundering Herd,fbs,Sun Belt,,,,1363,,2247,Georgia State Panthers,fbs,Sun Belt,,,,1402.0,,,,,,2026-11-21 00:00:00-05:00,Saturday,,,,,,,,2026-11-21,,,False,30475.0
401856755,2026,12,regular,2026-11-21 05:00:00+00:00,True,False,False,True,,3910,DKR-Texas Memorial Stadium,251,Texas Longhorns,fbs,SEC,,,,1930,,8,Arkansas Razorbacks,fbs,SEC,,,,1472.0,,,,AFTERNOON: 3:30 - 4:30pm ET start,,2026-11-21 00:00:00-05:00,Saturday,,,,,,,,2026-11-21,1.0,,False,100119.0
401862833,2026,12,regular,2026-11-21 05:00:00+00:00,True,False,False,True,,3715,FAU Stadium,2226,Florida Atlantic Owls,fbs,American Athletic,,,,1300,,58,South Florida Bulls,fbs,American Athletic,,,,1623.0,,,,,,2026-11-21 00:00:00-05:00,Saturday,,,,,,,,2026-11-21,,,False,29419.0
401856753,2026,12,regular,2026-11-21 05:00:00+00:00,True,False,False,True,,3994,Williams-Brice Stadium,2579,South Carolina Gamecocks,fbs,SEC,,,,1649,,61,Georgia Bulldogs,fbs,SEC,,,,2052.0,,,,FLEX: 3:30 - 4:30pm OR 6 - 8pm ET start,,2026-11-21 00:00:00-05:00,Saturday,,,,,,,,2026-11-21,,2.0,False,77559.0
401864541,2026,12,regular,2026-11-21 05:00:00+00:00,True,False,False,True,,3816,Mackay Stadium,2440,Nevada Wolf Pack,fbs,Mountain West,,,,1435,,62,Hawaii Rainbow Warriors,fbs,Mountain West,,,,1373.0,,,,,,2026-11-21 00:00:00-05:00,Saturday,,,,,,,,2026-11-21,,,False,27000.0
401858309,2026,12,regular,2026-11-21 05:00:00+00:00,True,False,False,True,,3615,"Alumni Stadium (Chestnut Hill, MA)",103,Boston College Eagles,fbs,ACC,,,,1381,,183,Syracuse Orange,fbs,ACC,,,,1300.0,,,,,,2026-11-21 00:00:00-05:00,Saturday,,,,,,,,2026-11-21,,,False,44500.0
401858302,2026,12,regular,2026-11-21 05:00:00+00:00,True,False,False,True,,3948,Hard Rock Stadium,2390,Miami Hurricanes,fbs,ACC,,,,1993,,259,Virginia Tech Hokies,fbs,ACC,,,,1501.0,,,,,,2026-11-21 00:00:00-05:00,Saturday,,,,,,,,2026-11-21,4.0,,False,64767.0
401858527,2026,12,regular,2026-11-21 05:00:00+00:00,True,False,False,True,,3832,"Memorial Stadium (Champaign, IL)",356,Illinois Fighting Illini,fbs,Big Ten,,,,1539,,2294,Iowa Hawkeyes,fbs,Big Ten,,,,1821.0,,,,,,2026-11-21 00:00:00-05:00,Saturday,,,,,,,,2026-11-21,,20.0,False,60670.0
401858532,2026,12,regular,2026-11-21 05:00:00+00:00,True,False,False,True,,3632,Beaver Stadium,213,Penn State Nittany Lions,fbs,Big Ten,,,,1821,,164,Rutgers Scarlet Knights,fbs,Big Ten,,,,1383.0,,,,,,2026-11-21 00:00:00-05:00,Saturday,,,,,,,,2026-11-21,,,False,106572.0
401858531,2026,12,regular,2026-11-21 05:00:00+00:00,True,False,False,True,,3834,"Memorial Stadium (Lincoln, NE)",158,Nebraska Cornhuskers,fbs,Big Ten,,,,1751,,194,Ohio State Buckeyes,fbs,Big Ten,,,,2064.0,,,,,,2026-11-21 00:00:00-05:00,Saturday,,,,,,,,2026-11-21,,5.0,False,85458.0
401869929,2026,12,regular,2026-11-21 05:00:00+00:00,True,False,False,True,,3792,Kidd Brewer Stadium,2026,Appalachian State Mountaineers,fbs,Sun Belt,,,,1320,,2433,Louisiana Monroe Warhawks,fbs,Sun Belt,,,,1014.0,,,,,,2026-11-21 00:00:00-05:00,Saturday,,,,,,,,2026-11-21,,,False,30000.0
401858534,2026,12,regular,2026-11-21 05:00:00+00:00,True,False,False,True,,477,Los Angeles Memorial Coliseum,30,USC Trojans,fbs,Big Ten,,,,1785,,120,Maryland Terrapins,fbs,Big Ten,,,,1297.0,,,,,,2026-11-21 00:00:00-05:00,Saturday,,,,,,,,2026-11-21,19.0,,False,77500.0
401858533,2026,12,regular,2026-11-21 05:00:00+00:00,True,False,False,True,,3907,Ross-Ade Stadium,2509,Purdue Boilermakers,fbs,Big Ten,,,,1326,,275,Wisconsin Badgers,fbs,Big Ten,,,,1673.0,,,,,,2026-11-21 00:00:00-05:00,Saturday,,,,,,,,2026-11-21,,,False,61441.0
401856872,2026,12,regular,2026-11-21 05:00:00+00:00,True,False,False,True,,3616,Amon G. Carter Stadium,2628,TCU Horned Frogs,fbs,Big 12,,,,1600,,254,Utah Utes,fbs,Big 12,,,,1918.0,,,,,,2026-11-21 00:00:00-05:00,Saturday,,,,,,,,2026-11-21,,12.0,False,47000.0
401869953,2026,12,regular,2026-11-21 05:00:00+00:00,True,False,False,True,,3975,Veterans Memorial Stadium (AL),2653,Troy Trojans,fbs,Sun Belt,,,,1395,,290,Georgia Southern Eagles,fbs,Sun Belt,,,,1349.0,,,,,,2026-11-21 00:00:00-05:00,Saturday,,,,,,,,2026-11-21,,,False,30000.0
401871101,2026,12,regular,2026-11-21 05:00:00+00:00,True,False,False,True,,3815,M. M. Roberts Stadium,2572,Southern Miss Golden Eagles,fbs,Sun Belt,,,,1227,,6,South Alabama Jaguars,fbs,Sun Belt,,,,1354.0,,,,,,2026-11-21 00:00:00-05:00,Saturday,,,,,,,,2026-11-21,,,False,36000.0
401856752,2026,12,regular,2026-11-21 05:00:00+00:00,True,False,False,True,,3835,"Memorial Stadium (Norman, OK)",201,Oklahoma Sooners,fbs,SEC,,,,1731,,245,Texas A&M Aggies,fbs,SEC,,,,1786.0,,,,EARLY: Noon - 1pm ET start,,2026-11-21 00:00:00-05:00,Saturday,,,,,,,,2026-11-21,,,False,86112.0
401858308,2026,12,regular,2026-11-21 05:00:00+00:00,True,False,False,True,,3831,California Memorial Stadium,25,California Golden Bears,fbs,ACC,,,,1335,,24,Stanford Cardinal,fbs,ACC,,,,1194.0,,,,,,2026-11-21 00:00:00-05:00,Saturday,,,,,,,,2026-11-21,,,False,62467.0
401858306,2026,12,regular,2026-11-21 05:00:00+00:00,True,False,False,True,,3873,L&N Federal Credit Union Stadium,97,Louisville Cardinals,fbs,ACC,,,,1671,,221,Pittsburgh Panthers,fbs,ACC,,,,1668.0,,,,,,2026-11-21 00:00:00-05:00,Saturday,,,,,,,,2026-11-21,,25.0,False,60800.0
401858305,2026,12,regular,2026-11-21 05:00:00+00:00,True,False,False,True,,3923,Scott Stadium,258,Virginia Cavaliers,fbs,ACC,,,,1595,,153,North Carolina Tar Heels,fbs,ACC,,,,1426.0,,,,,,2026-11-21 00:00:00-05:00,Saturday,,,,,,,,2026-11-21,,,False,61500.0
401856866,2026,12,regular,2026-11-21 05:00:00+00:00,True,False,False,True,,3833,Memorial Stadium,2305,Kansas Jayhawks,fbs,Big 12,,,,1625,,252,BYU Cougars,fbs,Big 12,,,,1699.0,,,,,,2026-11-21 00:00:00-05:00,Saturday,,,,,,,,2026-11-21,,8.0,False,71168.0
401856867,2026,12,regular,2026-11-21 05:00:00+00:00,True,False,False,True,,3854,Nippert Stadium,2132,Cincinnati Bearcats,fbs,Big 12,,,,1469,,38,Colorado Buffaloes,fbs,Big 12,,,,1325.0,,,,,,2026-11-21 00:00:00-05:00,Saturday,,,,,,,,2026-11-21,,,False,38088.0
401856868,2026,12,regular,2026-11-21 05:00:00+00:00,True,False,False,True,,3842,Milan Puskar Stadium,277,West Virginia Mountaineers,fbs,Big 12,,,,1355,,248,Houston Cougars,fbs,Big 12,,,,1550.0,,,,,,2026-11-21 00:00:00-05:00,Saturday,,,,,,,,2026-11-21,,22.0,False,60000.0
401856871,2026,12,regular,2026-11-21 05:00:00+00:00,True,False,False,True,,4727,McLane Stadium,239,Baylor Bears,fbs,Big 12,,,,1643,,2641,Texas Tech Red Raiders,fbs,Big 12,,,,1862.0,,,,,,2026-11-21 00:00:00-05:00,Saturday,,,,,,,,2026-11-21,,11.0,False,45140.0
401856870,2026,12,regular,2026-11-21 05:00:00+00:00,True,False,False,True,,3947,Mountain America Stadium,9,Arizona State Sun Devils,fbs,Big 12,,,,1429,,197,Oklahoma State Cowboys,fbs,Big 12,,,,1330.0,,,,,,2026-11-21 00:00:00-05:00,Saturday,,,,,,,,2026-11-21,,18.0,False,65870.0
401869938,2026,12,regular,2026-11-21 05:00:00+00:00,True,False,False,True,,3776,Joe Aillet Stadium,2348,Louisiana Tech Bulldogs,fbs,Sun Belt,,,,1379,,2032,Arkansas State Red Wolves,fbs,Sun Belt,,,,1321.0,,,,,,2026-11-21 00:00:00-05:00,Saturday,,,,,,,,2026-11-21,,,False,28562.0
401862835,2026,12,regular,2026-11-21 05:00:00+00:00,True,False,False,True,,4729,Yulman Stadium,2655,Tulane Green Wave,fbs,American Athletic,,,,1517,,249,North Texas Mean Green,fbs,American Athletic,,,,1629.0,,,,,,2026-11-21 00:00:00-05:00,Saturday,,,,,,,,2026-11-21,,,False,30000.0
401862832,2026,12,regular,2026-11-21 05:00:00+00:00,True,False,False,True,,3674,Chapman Stadium,202,Tulsa Golden Hurricane,fbs,American Athletic,,,,1238,,2429,Charlotte,fbs,American Athletic,,,,1022.0,,,,,,2026-11-21 00:00:00-05:00,Saturday,,,,,,,,2026-11-21,,,False,30000.0
401858535,2026,12,regular,2026-11-21 05:00:00+00:00,True,False,False,True,,3765,Husky Stadium,264,Washington Huskies,fbs,Big Ten,,,,1734,,84,Indiana Hoosiers,fbs,Big Ten,,,,2114.0,,,,,,2026-11-21 00:00:00-05:00,Saturday,,,,,,,,2026-11-21,,7.0,False,70083.0
401858530,2026,12,regular,2026-11-21 05:00:00+00:00,True,False,False,True,,3953,Huntington Bank Stadium,135,Minnesota Golden Gophers,fbs,Big Ten,,,,1526,,77,Northwestern Wildcats,fbs,Big Ten,,,,1720.0,,,,,,2026-11-21 00:00:00-05:00,Saturday,,,,,,,,2026-11-21,,,False,50805.0
401858310,2026,12,regular,2026-11-21 05:00:00+00:00,True,False,False,True,,721,Bobby Dodd Stadium,59,Georgia Tech Yellow Jackets,fbs,ACC,,,,1493,,154,Wake Forest Demon Deacons,fbs,ACC,,,,1669.0,,,,,,2026-11-21 00:00:00-05:00,Saturday,,,,,,,,2026-11-21,,,False,55000.0
401858304,2026,12,regular,2026-11-21 05:00:00+00:00,True,False,False,True,,3697,Doak Campbell Stadium,52,Florida State Seminoles,fbs,ACC,,,,1656,,152,North Carolina State Wolfpack,fbs,ACC,,,,1517.0,,,,,,2026-11-21 00:00:00-05:00,Saturday,,,,,,,,2026-11-21,,,False,67277.0
401856865,2026,12,regular,2026-11-21 05:00:00+00:00,True,False,False,True,,3636,Bill Snyder Family Stadium,2306,Kansas State Wildcats,fbs,Big 12,,,,1679,,12,Arizona Wildcats,fbs,Big 12,,,,1702.0,,,,,,2026-11-21 00:00:00-05:00,Saturday,,,,,,,,2026-11-21,,,False,50000.0
401856754,2026,12,regular,2026-11-21 05:00:00+00:00,True,False,False,True,,3853,Neyland Stadium,2633,Tennessee Volunteers,fbs,SEC,,,,1786,,99,LSU Tigers,fbs,SEC,,,,1868.0,,,,FLEX: 3:30 - 4:30pm OR 6 - 8pm ET start,,2026-11-21 00:00:00-05:00,Saturday,,,,,,,,2026-11-21,15.0,10.0,True,101915.0
401856751,2026,12,regular,2026-11-21 05:00:00+00:00,True,False,False,True,,3838,Memorial Stadium,142,Missouri Tigers,fbs,SEC,,,,1761,,96,Kentucky Wildcats,fbs,SEC,,,,1559.0,,,,NIGHT: 6 - 8pm ET start,,2026-11-21 00:00:00-05:00,Saturday,,,,,,,,2026-11-21,14.0,,False,71168.0
401856748,2026,12,regular,2026-11-21 05:00:00+00:00,True,False,False,True,,3634,Ben Hill Griffin Stadium,57,Florida Gators,fbs,SEC,,,,1669,,238,Vanderbilt Commodores,fbs,SEC,,,,1702.0,,,,EARLY: Noon - 1pm ET start,,2026-11-21 00:00:00-05:00,Saturday,,,,,,,,2026-11-21,16.0,,False,88548.0
401862831,2026,12,regular,2026-11-21 17:00:00+00:00,False,False,False,True,,3841,Michie Stadium,349,Army West Point Black Knights,fbs,American Athletic,,,,1522,,151,East Carolina Pirates,fbs,American Athletic,,,,1456.0,,,,,,2026-11-21 12:00:00-05:00,Saturday,2026-11-21 12:00:00-05:00,,,,,,,2026-11-21,,,False,38000.0
401862834,2026,12,regular,2026-11-21 17:00:00+00:00,False,False,False,True,,3852,Navy-Marine Corps Memorial Stadium,2426,Navy Midshipmen,fbs,American Athletic,,,,1498,,235,Memphis Tigers,fbs,American Athletic,,,,1627.0,,,,,,2026-11-21 12:00:00-05:00,Saturday,2026-11-21 12:00:00-05:00,,,,,,,2026-11-21,,,False,34000.0
401856749,2026,12,regular,2026-11-21 17:00:00+00:00,False,False,False,False,,3974,Vaught-Hemingway Stadium,145,Mississippi Rebels,fbs,SEC,,,,1792,1792.0,2747,Wofford Terriers,fcs,Southern,,,,,,,,,,2026-11-21 12:00:00-05:00,Saturday,2026-11-21 12:00:00-05:00,,,,,,,2026-11-21,9.0,,False,64038.0
401856750,2026,12,regular,2026-11-21 18:00:00+00:00,False,False,False,False,,3693,Davis Wade Stadium,344,Mississippi State Bulldogs,fbs,SEC,,,,1593,1593.0,2635,Tennessee Tech Golden Eagles,fcs,Southern,,,,,,,,,,2026-11-21 13:00:00-05:00,Saturday,2026-11-21 13:00:00-05:00,,,,,,,2026-11-21,17.0,,False,61337.0
401871080,2026,12,regular,2026-11-21 18:00:00+00:00,False,False,False,True,,3992,Williams Stadium (VA),2335,Liberty Flames,fbs,Conference USA,,,,1725,,98,Western Kentucky Hilltoppers,fbs,Conference USA,,,,1191.0,,,,,,2026-11-21 13:00:00-05:00,Saturday,2026-11-21 13:00:00-05:00,,,,,,,2026-11-21,,,False,25000.0
401871081,2026,12,regular,2026-11-21 19:00:00+00:00,False,False,False,True,,3647,Elliott T. Bowers Stadium,2534,Sam Houston State Bearkats,fbs,Conference USA,,,,1142,,2393,Middle Tennessee Blue Raiders,fbs,Conference USA,,,,1146.0,,,,,,2026-11-21 14:00:00-05:00,Saturday,2026-11-21 14:00:00-05:00,,,,,,,2026-11-21,,,False,14000.0
401856746,2026,12,regular,2026-11-21 19:00:00+00:00,False,False,False,False,,3657,Bryant-Denny Stadium,333,Alabama Crimson Tide,fbs,SEC,,,,2010,2010.0,236,Chattanooga Mocs,fcs,Southern,,,,,,,,,,2026-11-21 14:00:00-05:00,Saturday,2026-11-21 14:00:00-05:00,,,,,,,2026-11-21,6.0,,False,101821.0
401871079,2026,12,regular,2026-11-21 19:00:00+00:00,False,False,False,True,,3662,AmFirst Stadium,55,Jacksonville State Gamecocks,fbs,Conference USA,,,,1435,,2623,Missouri State Bears,fbs,Conference USA,,,,1292.0,,,,,,2026-11-21 14:00:00-05:00,Saturday,2026-11-21 14:00:00-05:00,,,,,,,2026-11-21,,,False,24000.0
401871077,2026,12,regular,2026-11-21 20:00:00+00:00,False,False,False,True,,3601,Aggie Memorial Stadium,166,New Mexico State Aggies,fbs,Conference USA,,,,1282,,48,Delaware Blue Hens,fbs,Conference USA,,,,1328.0,,,,,,2026-11-21 15:00:00-05:00,Saturday,2026-11-21 15:00:00-05:00,,,,,,,2026-11-21,,,False,28853.0
401871078,2026,12,regular,2026-11-21 20:00:00+00:00,False,False,False,True,,4899,Fifth Third Stadium,338,Kennesaw State Owls,fbs,Conference USA,,,,1284,,2229,Florida International Panthers,fbs,Conference USA,,,,1392.0,,,,,,2026-11-21 15:00:00-05:00,Saturday,2026-11-21 15:00:00-05:00,,,,,,,2026-11-21,,,False,10200.0
401856747,2026,12,regular,2026-11-21 20:30:00+00:00,False,False,False,False,,3785,Jordan-Hare Stadium,2,Auburn Tigers,fbs,SEC,,,,1668,1668.0,2535,Samford Bulldogs,fcs,Southern,,,,,,,,,,2026-11-21 15:30:00-05:00,Saturday,2026-11-21 15:30:00-05:00,,,,,,,2026-11-21,,,False,87451.0
401861968,2026,12,regular,2026-11-21 20:30:00+00:00,False,False,False,False,,3892,Pratt & Whitney Stadium,41,UConn Huskies,fbs,FBS Independents,,,,1460,,295,Old Dominion Monarchs,fbs,Sun Belt,,,,1197.0,,,,,,2026-11-21 15:30:00-05:00,Saturday,2026-11-21 15:30:00-05:00,,,,,,,2026-11-21,,,False,40000.0
401864543,2026,12,regular,2026-11-21 21:00:00+00:00,False,False,False,True,,3714,Fargodome,2449,North Dakota State,fbs,Mountain West,,,,1636,,2459,Northern Illinois Huskies,fbs,Mountain West,,,,1194.0,,,,,,2026-11-21 16:00:00-05:00,Saturday,2026-11-21 16:00:00-05:00,,,,,,,2026-11-21,,,False,18700.0
401860920,2026,12,regular,2026-11-21 23:00:00+00:00,False,False,False,True,,3644,Bobcat Stadium (TX),326,Texas State Bobcats,fbs,Pac-12,,,,1489,,265,Washington State Cougars,fbs,Pac-12,,,,1480.0,,,,,,2026-11-21 18:00:00-05:00,Saturday,2026-11-21 18:00:00-05:00,,,,,,,2026-11-21,,,False,30000.0
401864544,2026,12,regular,2026-11-22 00:00:00+00:00,False,False,False,True,,3935,CEFCU Stadium,23,San Jose State Spartans,fbs,Mountain West,,,,1398,,2439,UNLV Rebels,fbs,Mountain West,,,,1494.0,,,,,,2026-11-21 19:00:00-05:00,Saturday,2026-11-21 19:00:00-05:00,,,,,,,2026-11-22,,,False,18203.0
401858307,2026,12,regular,2026-11-22 00:30:00+00:00,False,False,False,False,,3855,Notre Dame Stadium,87,Notre Dame Fighting Irish,fbs,FBS Independents,,,,2054,,2567,Southern Methodist (SMU) Mustangs,fbs,ACC,,,,1689.0,,,,,,2026-11-21 19:30:00-05:00,Saturday,2026-11-21 19:30:00-05:00,,,,,,,2026-11-22,3.0,24.0,True,77622.0
401860918,2026,12,regular,2026-11-22 00:30:00+00:00,False,False,False,True,,3660,Valley Children's Stadium,278,Fresno State Bulldogs,fbs,Pac-12,,,,1645,,36,Colorado State Rams,fbs,Pac-12,,,,1233.0,,,,,,2026-11-21 19:30:00-05:00,Saturday,2026-11-21 19:30:00-05:00,,,,,,,2026-11-22,,,False,40727.0
401864542,2026,12,regular,2026-11-22 02:00:00+00:00,False,False,False,True,,3984,War Memorial Stadium,2751,Wyoming Cowboys,fbs,Mountain West,,,,1280,,167,New Mexico Lobos,fbs,Mountain West,,,,1683.0,,,,,,2026-11-21 21:00:00-05:00,Saturday,2026-11-21 21:00:00-05:00,,,,,,,2026-11-22,,,False,29181.0
401860925,2026,12,regular,2026-11-22 02:30:00+00:00,False,False,False,True,,3653,Albertsons Stadium,68,Boise State Broncos,fbs,Pac-12,,,,1681,,21,San Diego State Aztecs,fbs,Pac-12,,,,1417.0,,,,,,2026-11-21 21:30:00-05:00,Saturday,2026-11-21 21:30:00-05:00,,,,,,,2026-11-22,23.0,,False,36387.0
401860919,2026,12,regular,2026-11-22 03:30:00+00:00,False,False,False,True,,3893,Reser Stadium,204,Oregon State Beavers,fbs,Pac-12,,,,1418,,328,Utah State Aggies,fbs,Pac-12,,,,1358.0,,,,,,2026-11-21 22:30:00-05:00,Saturday,2026-11-21 22:30:00-05:00,,,,,,,2026-11-22,,,False,35548.0
401866471,2026,13,regular,2026-11-24 05:00:00+00:00,True,False,False,True,,3980,Waldo Stadium,2711,Western Michigan Broncos,fbs,Mid-American,,,,1457,,193,Miami (OH) RedHawks,fbs,Mid-American,,,,1253.0,,,,,,2026-11-24 00:00:00-05:00,Tuesday,,,,,,,,2026-11-24,,,False,36361.0
401866470,2026,13,regular,2026-11-25 00:00:00+00:00,False,False,False,True,,3912,Rynearson Stadium,2199,Eastern Michigan Eagles,fbs,Mid-American,,,,1252,,2309,Kent State Golden Flashes,fbs,Mid-American,,,,1050.0,,,,,,2026-11-24 19:00:00-05:00,Tuesday,2026-11-24 19:00:00-05:00,,,,,,,2026-11-25,,,False,26188.0
401856879,2026,13,regular,2026-11-27 01:00:00+00:00,False,False,False,True,,3784,Jones AT&T Stadium,2641,Texas Tech Red Raiders,fbs,Big 12,,,,1862,,2628,TCU Horned Frogs,fbs,Big 12,,,,1600.0,,,,,,2026-11-26 20:00:00-05:00,Thursday,2026-11-26 20:00:00-05:00,,,,,,,2026-11-27,11.0,,False,60454.0
401862838,2026,13,regular,2026-11-27 05:00:00+00:00,True,False,False,True,,3805,Simmons Bank Liberty Stadium,235,Memphis Tigers,fbs,American Athletic,,,,1627,,218,Temple Owls,fbs,American Athletic,,,,1365.0,,,,,,2026-11-27 00:00:00-05:00,Friday,,,,,,,,2026-11-27,,,False,50000.0
401862839,2026,13,regular,2026-11-27 05:00:00+00:00,True,False,False,True,,3886,Raymond James Stadium,58,South Florida Bulls,fbs,American Athletic,,,,1623,,2655,Tulane Green Wave,fbs,American Athletic,,,,1517.0,,,,Will be played Nov. 27 or Nov. 28,,2026-11-27 00:00:00-05:00,Friday,,,,,,,,2026-11-27,,,False,65857.0
401862837,2026,13,regular,2026-11-27 05:00:00+00:00,True,False,False,True,,3699,Dowdy-Ficklen Stadium,151,East Carolina Pirates,fbs,American Athletic,,,,1456,,2226,Florida Atlantic Owls,fbs,American Athletic,,,,1300.0,,,,,,2026-11-27 00:00:00-05:00,Friday,,,,,,,,2026-11-27,,,False,50000.0
401858536,2026,13,regular,2026-11-27 17:00:00+00:00,False,False,False,True,,3793,Kinnick Stadium,2294,Iowa Hawkeyes,fbs,Big Ten,,,,1821,,158,Nebraska Cornhuskers,fbs,Big Ten,,,,1751.0,,,,,,2026-11-27 12:00:00-05:00,Friday,2026-11-27 12:00:00-05:00,,,,,,,2026-11-27,20.0,,False,69250.0
401866473,2026,13,regular,2026-11-27 17:00:00+00:00,False,False,False,True,,3876,Peden Stadium,195,Ohio Bobcats,fbs,Mid-American,,,,1307,,2649,Toledo Rockets,fbs,Mid-American,,,,1598.0,,,,,,2026-11-27 12:00:00-05:00,Friday,2026-11-27 12:00:00-05:00,,,,,,,2026-11-27,,,False,24000.0
401866472,2026,13,regular,2026-11-27 17:00:00+00:00,False,False,False,True,,3768,InfoCision Stadium,2006,Akron Zips,fbs,Mid-American,,,,862,,2084,Buffalo Bulls,fbs,Mid-American,,,,1294.0,,,,,,2026-11-27 12:00:00-05:00,Friday,2026-11-27 12:00:00-05:00,,,,,,,2026-11-27,,,False,30000.0
401856762,2026,13,regular,2026-11-27 17:00:00+00:00,False,False,False,True,,3974,Vaught-Hemingway Stadium,145,Mississippi Rebels,fbs,SEC,,,,1776,,344,Mississippi State Bulldogs,fbs,SEC,,,,1612.0,,,,,,2026-11-27 12:00:00-05:00,Friday,2026-11-27 12:00:00-05:00,,,,,,,2026-11-27,9.0,17.0,True,64038.0
401869930,2026,13,regular,2026-11-27 20:00:00+00:00,False,False,False,True,,6526,Hancock Whitney Stadium,6,South Alabama Jaguars,fbs,Sun Belt,,,,1354,,2026,Appalachian State Mountaineers,fbs,Sun Belt,,,,1320.0,,,,,,2026-11-27 15:00:00-05:00,Friday,2026-11-27 15:00:00-05:00,,,,,,,2026-11-27,,,False,25450.0
401856759,2026,13,regular,2026-11-27 20:30:00+00:00,False,False,False,False,,3697,Doak Campbell Stadium,52,Florida State Seminoles,fbs,ACC,,,,1656,,57,Florida Gators,fbs,SEC,,,,1669.0,,,,,,2026-11-27 15:30:00-05:00,Friday,2026-11-27 15:30:00-05:00,,,,,,,2026-11-27,,16.0,False,67277.0
401864549,2026,13,regular,2026-11-27 20:30:00+00:00,False,False,False,True,,3935,CEFCU Stadium,23,San Jose State Spartans,fbs,Mountain West,,,,1398,,2449,North Dakota State,fbs,Mountain West,,,,1636.0,,,,,,2026-11-27 15:30:00-05:00,Friday,2026-11-27 15:30:00-05:00,,,,,,,2026-11-27,,,False,18203.0
401858544,2026,13,regular,2026-11-28 00:30:00+00:00,False,False,False,True,,347,Camp Randall Stadium,275,Wisconsin Badgers,fbs,Big Ten,,,,1673,,135,Minnesota Golden Gophers,fbs,Big Ten,,,,1526.0,,,,,,2026-11-27 19:30:00-05:00,Friday,2026-11-27 19:30:00-05:00,,,,,,,2026-11-28,,,False,76057.0
401856756,2026,13,regular,2026-11-28 00:30:00+00:00,False,False,False,True,,3795,Kyle Field,245,Texas A&M Aggies,fbs,SEC,,,,1786,,251,Texas Longhorns,fbs,SEC,,,,1930.0,,,,,,2026-11-27 19:30:00-05:00,Friday,2026-11-27 19:30:00-05:00,,,,,,,2026-11-28,,1.0,False,102733.0
401856880,2026,13,regular,2026-11-28 02:00:00+00:00,False,False,False,True,,587,Rice-Eccles Stadium,254,Utah Utes,fbs,Big 12,,,,1918,,277,West Virginia Mountaineers,fbs,Big 12,,,,1355.0,,,,,,2026-11-27 21:00:00-05:00,Friday,2026-11-27 21:00:00-05:00,,,,,,,2026-11-28,12.0,,False,51444.0
401858315,2026,13,regular,2026-11-28 05:00:00+00:00,True,False,False,True,,3831,California Memorial Stadium,25,California Golden Bears,fbs,ACC,,,,1335,,221,Pittsburgh Panthers,fbs,ACC,,,,1668.0,,,,,,2026-11-28 00:00:00-05:00,Saturday,,,,,,,,2026-11-28,,25.0,False,62467.0
401856758,2026,13,regular,2026-11-28 05:00:00+00:00,True,False,False,True,,3887,Razorback Stadium,8,Arkansas Razorbacks,fbs,SEC,,,,1472,,99,LSU Tigers,fbs,SEC,,,,1868.0,,,,EARLY: Noon - 1pm ET start,,2026-11-28 00:00:00-05:00,Saturday,,,,,,,,2026-11-28,,10.0,False,80000.0
401862841,2026,13,regular,2026-11-28 05:00:00+00:00,True,False,False,True,,3895,Rice Stadium,242,Rice Owls,fbs,American Athletic,,,,1184,,349,Army West Point Black Knights,fbs,American Athletic,,,,1522.0,,,,,,2026-11-28 00:00:00-05:00,Saturday,,,,,,,,2026-11-28,,,False,47000.0
401856760,2026,13,regular,2026-11-28 05:00:00+00:00,True,False,False,False,,3917,Sanford Stadium,61,Georgia Bulldogs,fbs,SEC,,,,2052,,59,Georgia Tech Yellow Jackets,fbs,ACC,,,,1493.0,,,,FLEX: 3:30 - 4:30pm OR 6 - 8pm ET start,,2026-11-28 00:00:00-05:00,Saturday,,,,,,,,2026-11-28,2.0,,False,93033.0
401861969,2026,13,regular,2026-11-28 05:00:00+00:00,True,False,False,False,,3984,War Memorial Stadium,2751,Wyoming Cowboys,fbs,Mountain West,,,,1280,,41,UConn Huskies,fbs,FBS Independents,,,,1460.0,,,,,,2026-11-28 00:00:00-05:00,Saturday,,,,,,,,2026-11-28,,,False,29181.0
401856761,2026,13,regular,2026-11-28 05:00:00+00:00,True,False,False,False,,3683,Kroger Field,96,Kentucky Wildcats,fbs,SEC,,,,1559,,97,Louisville Cardinals,fbs,ACC,,,,1671.0,,,,EARLY: Noon - 1pm ET start,,2026-11-28 00:00:00-05:00,Saturday,,,,,,,,2026-11-28,,,False,61000.0
401856765,2026,13,regular,2026-11-28 05:00:00+00:00,True,False,False,True,,3973,FirstBank Stadium,238,Vanderbilt Commodores,fbs,SEC,,,,1702,,2633,Tennessee Volunteers,fbs,SEC,,,,1786.0,,,,NIGHT: 6 - 8pm ET start,,2026-11-28 00:00:00-05:00,Saturday,,,,,,,,2026-11-28,,15.0,False,40350.0
401856874,2026,13,regular,2026-11-28 05:00:00+00:00,True,False,False,True,,4728,TDECU Stadium,248,Houston Cougars,fbs,Big 12,,,,1550,,239,Baylor Bears,fbs,Big 12,,,,1643.0,,,,,,2026-11-28 00:00:00-05:00,Saturday,,,,,,,,2026-11-28,22.0,,False,40000.0
401858311,2026,13,regular,2026-11-28 05:00:00+00:00,True,False,False,True,,3948,Hard Rock Stadium,2390,Miami Hurricanes,fbs,ACC,,,,1993,,103,Boston College Eagles,fbs,ACC,,,,1381.0,,,,,,2026-11-28 00:00:00-05:00,Saturday,,,,,,,,2026-11-28,4.0,,False,64767.0
401858312,2026,13,regular,2026-11-28 05:00:00+00:00,True,False,False,True,,3630,Allegacy Federal Credit Union Stadium,154,Wake Forest Demon Deacons,fbs,ACC,,,,1669,,150,Duke Blue Devils,fbs,ACC,,,,1656.0,,,,,,2026-11-28 00:00:00-05:00,Saturday,,,,,,,,2026-11-28,,,False,31500.0
401858313,2026,13,regular,2026-11-28 05:00:00+00:00,True,False,False,True,,3787,Kenan Stadium,153,North Carolina Tar Heels,fbs,ACC,,,,1426,,152,North Carolina State Wolfpack,fbs,ACC,,,,1517.0,,,,,,2026-11-28 00:00:00-05:00,Saturday,,,,,,,,2026-11-28,,,False,50500.0
401856764,2026,13,regular,2026-11-28 05:00:00+00:00,True,False,False,False,,3836,"Memorial Stadium (Clemson, SC)",228,Clemson Tigers,fbs,ACC,,,,1541,,2579,South Carolina Gamecocks,fbs,SEC,,,,1649.0,,,,,,2026-11-28 00:00:00-05:00,Saturday,,,,,,,,2026-11-28,,,False,81500.0
401858543,2026,13,regular,2026-11-28 05:00:00+00:00,True,False,False,True,,1056,Rose Bowl,26,UCLA Bruins,fbs,Big Ten,,,,1660,,30,USC Trojans,fbs,Big Ten,,,,1785.0,,,,,,2026-11-28 00:00:00-05:00,Saturday,,,,,,,,2026-11-28,21.0,19.0,True,88565.0
401869947,2026,13,regular,2026-11-28 05:00:00+00:00,True,False,False,True,,3651,Bridgeforth Stadium,256,James Madison Dukes,fbs,Sun Belt,,,,1821,,324,Coastal Carolina Chanticleers,fbs,Sun Belt,,,,1262.0,,,,,,2026-11-28 00:00:00-05:00,Saturday,,,,,,,,2026-11-28,,,False,24877.0
401858537,2026,13,regular,2026-11-28 05:00:00+00:00,True,False,False,True,,11823,Ryan Field,77,Northwestern Wildcats,fbs,Big Ten,,,,1720,,356,Illinois Fighting Illini,fbs,Big Ten,,,,1539.0,,,,,,2026-11-28 00:00:00-05:00,Saturday,,,,,,,,2026-11-28,,,False,47130.0
401871102,2026,13,regular,2026-11-28 05:00:00+00:00,True,False,False,True,,3817,Malone Stadium,2433,Louisiana Monroe Warhawks,fbs,Sun Belt,,,,1014,,276,Marshall Thundering Herd,fbs,Sun Belt,,,,1363.0,,,,,,2026-11-28 00:00:00-05:00,Saturday,,,,,,,,2026-11-28,,,False,27617.0
401869954,2026,13,regular,2026-11-28 05:00:00+00:00,True,False,False,True,,3608,Allen E. Paulson Stadium,290,Georgia Southern Eagles,fbs,Sun Belt,,,,1349,,2348,Louisiana Tech Bulldogs,fbs,Sun Belt,,,,1379.0,,,,,,2026-11-28 00:00:00-05:00,Saturday,,,,,,,,2026-11-28,,,False,25000.0
401858314,2026,13,regular,2026-11-28 05:00:00+00:00,True,False,False,False,,1964,JMA Wireless Dome,183,Syracuse Orange,fbs,ACC,,,,1300,,87,Notre Dame Fighting Irish,fbs,FBS Independents,,,,2054.0,,,,,,2026-11-28 00:00:00-05:00,Saturday,,,,,,,,2026-11-28,,3.0,False,42784.0
401862843,2026,13,regular,2026-11-28 05:00:00+00:00,True,False,False,True,,3825,DATCU Stadium,249,North Texas Mean Green,fbs,American Athletic,,,,1629,,5,UAB Blazers,fbs,American Athletic,,,,1400.0,,,,,,2026-11-28 00:00:00-05:00,Saturday,,,,,,,,2026-11-28,,,False,30100.0
401856875,2026,13,regular,2026-11-28 05:00:00+00:00,True,False,False,True,,3726,Folsom Field,38,Colorado Buffaloes,fbs,Big 12,,,,1325,,2116,UCF Knights,fbs,Big 12,,,,1488.0,,,,,,2026-11-28 00:00:00-05:00,Saturday,,,,,,,,2026-11-28,,,False,50183.0
401858538,2026,13,regular,2026-11-28 05:00:00+00:00,True,False,False,True,,3830,"Memorial Stadium (Bloomington, IN)",84,Indiana Hoosiers,fbs,Big Ten,,,,2114,,2509,Purdue Boilermakers,fbs,Big Ten,,,,1326.0,,,,,,2026-11-28 00:00:00-05:00,Saturday,,,,,,,,2026-11-28,7.0,,False,52656.0
401858542,2026,13,regular,2026-11-28 05:00:00+00:00,True,False,False,True,,6577,SHI Stadium,164,Rutgers Scarlet Knights,fbs,Big Ten,,,,1383,,127,Michigan State Spartans,fbs,Big Ten,,,,1449.0,,,,,,2026-11-28 00:00:00-05:00,Saturday,,,,,,,,2026-11-28,,,False,52454.0
401858316,2026,13,regular,2026-11-28 05:00:00+00:00,True,False,False,True,,3940,Stanford Stadium,24,Stanford Cardinal,fbs,ACC,,,,1194,,2567,Southern Methodist (SMU) Mustangs,fbs,ACC,,,,1689.0,,,,,,2026-11-28 00:00:00-05:00,Saturday,,,,,,,,2026-11-28,,24.0,False,50424.0
401858317,2026,13,regular,2026-11-28 05:00:00+00:00,True,False,False,True,,3799,Lane Stadium,259,Virginia Tech Hokies,fbs,ACC,,,,1501,,258,Virginia Cavaliers,fbs,ACC,,,,1595.0,,,,,,2026-11-28 00:00:00-05:00,Saturday,,,,,,,,2026-11-28,,,False,65632.0
401869959,2026,13,regular,2026-11-28 05:00:00+00:00,True,False,False,True,,4246,Center Parc Stadium,2247,Georgia State Panthers,fbs,Sun Belt,,,,1402,,309,Louisiana Lafayette Ragin Cajuns,fbs,Sun Belt,,,,1442.0,,,,,,2026-11-28 00:00:00-05:00,Saturday,,,,,,,,2026-11-28,,,False,24333.0
401856878,2026,13,regular,2026-11-28 05:00:00+00:00,True,False,False,True,,3772,Jack Trice Stadium,66,Iowa State Cyclones,fbs,Big 12,,,,1669,,2306,Kansas State Wildcats,fbs,Big 12,,,,1679.0,,,,,,2026-11-28 00:00:00-05:00,Saturday,,,,,,,,2026-11-28,,,False,61500.0
401856873,2026,13,regular,2026-11-28 05:00:00+00:00,True,False,False,True,,3619,Arizona Stadium,12,Arizona Wildcats,fbs,Big 12,,,,1702,,9,Arizona State Sun Devils,fbs,Big 12,,,,1429.0,,,,,,2026-11-28 00:00:00-05:00,Saturday,,,,,,,,2026-11-28,,,False,50782.0
401856876,2026,13,regular,2026-11-28 05:00:00+00:00,True,False,False,True,,3801,LaVell Edwards Stadium,252,BYU Cougars,fbs,Big 12,,,,1699,,2132,Cincinnati Bearcats,fbs,Big 12,,,,1469.0,,,,,,2026-11-28 00:00:00-05:00,Saturday,,,,,,,,2026-11-28,8.0,,False,62073.0
401858539,2026,13,regular,2026-11-28 05:00:00+00:00,True,False,False,True,,3665,SECU Stadium,120,Maryland Terrapins,fbs,Big Ten,,,,1297,,213,Penn State Nittany Lions,fbs,Big Ten,,,,1821.0,,,,,,2026-11-28 00:00:00-05:00,Saturday,,,,,,,,2026-11-28,,,False,46185.0
401858541,2026,13,regular,2026-11-28 05:00:00+00:00,True,False,False,True,,3626,Autzen Stadium,2483,Oregon Ducks,fbs,Big Ten,,,,1844,,264,Washington Huskies,fbs,Big Ten,,,,1734.0,,,,,,2026-11-28 00:00:00-05:00,Saturday,,,,,,,,2026-11-28,13.0,,False,54000.0
401862840,2026,13,regular,2026-11-28 05:00:00+00:00,True,False,False,True,,3604,Alamodome,2636,UTSA Roadrunners,fbs,American Athletic,,,,1504,,202,Tulsa Golden Hurricane,fbs,American Athletic,,,,1238.0,,,,Will be played Nov. 27 or Nov. 28,,2026-11-28 00:00:00-05:00,Saturday,,,,,,,,2026-11-28,,,False,64000.0
401862842,2026,13,regular,2026-11-28 05:00:00+00:00,True,False,False,True,,4418,Jerry Richardson Stadium,2429,Charlotte,fbs,American Athletic,,,,1022,,2426,Navy Midshipmen,fbs,American Athletic,,,,1498.0,,,,,,2026-11-28 00:00:00-05:00,Saturday,,,,,,,,2026-11-28,,,False,15300.0
401864550,2026,13,regular,2026-11-28 05:00:00+00:00,True,False,False,True,,3764,Huskie Stadium,2459,Northern Illinois Huskies,fbs,Mountain West,,,,1194,,2638,UTEP Miners,fbs,Mountain West,,,,984.0,,,,,,2026-11-28 00:00:00-05:00,Saturday,,,,,,,,2026-11-28,,,False,23595.0
401856757,2026,13,regular,2026-11-28 05:00:00+00:00,True,False,False,True,,3657,Bryant-Denny Stadium,333,Alabama Crimson Tide,fbs,SEC,,,,1991,,2,Auburn Tigers,fbs,SEC,,,,1669.0,,,,FLEX: 3:30 - 4:30pm OR 6 - 8pm ET start,,2026-11-28 00:00:00-05:00,Saturday,,,,,,,,2026-11-28,6.0,,False,101821.0
401871103,2026,13,regular,2026-11-28 05:00:00+00:00,True,False,False,True,,3918,S.B. Ballard Stadium,295,Old Dominion Monarchs,fbs,Sun Belt,,,,1197,,2572,Southern Miss Golden Eagles,fbs,Sun Belt,,,,1227.0,,,,,,2026-11-28 00:00:00-05:00,Saturday,,,,,,,,2026-11-28,,,False,20118.0
401856763,2026,13,regular,2026-11-28 05:00:00+00:00,True,False,False,True,,3838,Memorial Stadium,142,Missouri Tigers,fbs,SEC,,,,1761,,201,Oklahoma Sooners,fbs,SEC,,,,1731.0,,,,AFTERNOON: 3:30 - 4:30pm ET start,,2026-11-28 00:00:00-05:00,Saturday,,,,,,,,2026-11-28,14.0,,False,71168.0
401856877,2026,13,regular,2026-11-28 05:00:00+00:00,True,False,False,True,,3646,Boone Pickens Stadium,197,Oklahoma State Cowboys,fbs,Big 12,,,,1330,,2305,Kansas Jayhawks,fbs,Big 12,,,,1625.0,,,,,,2026-11-28 00:00:00-05:00,Saturday,,,,,,,,2026-11-28,18.0,,False,52305.0
401866475,2026,13,regular,2026-11-28 17:00:00+00:00,False,False,False,True,,3700,Doyt L. Perry Stadium,189,Bowling Green State Falcons,fbs,Mid-American,,,,1170,,113,UMass Minutemen,fbs,Mid-American,,,,1124.0,,,,,,2026-11-28 12:00:00-05:00,Saturday,2026-11-28 12:00:00-05:00,,,,,,,2026-11-28,,,False,33572.0
401858540,2026,13,regular,2026-11-28 17:00:00+00:00,False,False,False,True,,3861,Ohio Stadium,194,Ohio State Buckeyes,fbs,Big Ten,,,,2064,,130,Michigan Wolverines,fbs,Big Ten,,,,1719.0,,,,,,2026-11-28 12:00:00-05:00,Saturday,2026-11-28 12:00:00-05:00,,,,,,,2026-11-28,5.0,,False,102780.0
401866474,2026,13,regular,2026-11-28 17:00:00+00:00,False,False,False,True,,3919,Scheumann Stadium,2050,Ball State Cardinals,fbs,Mid-American,,,,1065,,2117,Central Michigan Chippewas,fbs,Mid-American,,,,1248.0,,,,,,2026-11-28 12:00:00-05:00,Saturday,2026-11-28 12:00:00-05:00,,,,,,,2026-11-28,,,False,22500.0
401870804,2026,13,regular,2026-11-28 18:00:00+00:00,False,False,False,True,,3796,Houchens Industries-L.T. Smith Stadium,98,Western Kentucky Hilltoppers,fbs,Conference USA,,,,1191,,338,Kennesaw State Owls,fbs,Conference USA,,,,1284.0,,,,,,2026-11-28 13:00:00-05:00,Saturday,2026-11-28 13:00:00-05:00,,,,,,,2026-11-28,,,False,22113.0
401871083,2026,13,regular,2026-11-28 19:00:00+00:00,False,False,False,True,,3725,"Johnny ""Red"" Floyd Stadium",2393,Middle Tennessee Blue Raiders,fbs,Conference USA,,,,1146,,166,New Mexico State Aggies,fbs,Conference USA,,,,1282.0,,,,,,2026-11-28 14:00:00-05:00,Saturday,2026-11-28 14:00:00-05:00,,,,,,,2026-11-28,,,False,27303.0
401871063,2026,13,regular,2026-11-28 19:00:00+00:00,False,False,False,True,,3878,Plaster Sports Complex,2623,Missouri State Bears,fbs,Conference USA,,,,1292,,2335,Liberty Flames,fbs,Conference USA,,,,1725.0,,,,,,2026-11-28 14:00:00-05:00,Saturday,2026-11-28 14:00:00-05:00,,,,,,,2026-11-28,,,False,17337.0
401871082,2026,13,regular,2026-11-28 19:00:00+00:00,False,False,False,True,,2031,Pitbull Stadium,2229,Florida International Panthers,fbs,Conference USA,,,,1392,,2534,Sam Houston State Bearkats,fbs,Conference USA,,,,1142.0,,,,,,2026-11-28 14:00:00-05:00,Saturday,2026-11-28 14:00:00-05:00,,,,,,,2026-11-28,,,False,20000.0
401869939,2026,13,regular,2026-11-28 20:00:00+00:00,False,False,False,True,,3625,Centennial Bank Stadium,2032,Arkansas State Red Wolves,fbs,Sun Belt,,,,1321,,2653,Troy Trojans,fbs,Sun Belt,,,,1395.0,,,,,,2026-11-28 15:00:00-05:00,Saturday,2026-11-28 15:00:00-05:00,,,,,,,2026-11-28,,,False,30406.0
401871062,2026,13,regular,2026-11-28 20:30:00+00:00,False,False,False,True,,3695,Delaware Stadium,48,Delaware Blue Hens,fbs,Conference USA,,,,1328,,55,Jacksonville State Gamecocks,fbs,Conference USA,,,,1435.0,,,,,,2026-11-28 15:30:00-05:00,Saturday,2026-11-28 15:30:00-05:00,,,,,,,2026-11-28,,,False,18500.0
401864546,2026,13,regular,2026-11-28 21:30:00+00:00,False,False,False,True,,3971,University Stadium (NM),167,New Mexico Lobos,fbs,Mountain West,,,,1683,,2005,Air Force Falcons,fbs,Mountain West,,,,1437.0,,,,,,2026-11-28 16:30:00-05:00,Saturday,2026-11-28 16:30:00-05:00,,,,,,,2026-11-28,,,False,39224.0
401864548,2026,13,regular,2026-11-29 02:00:00+00:00,False,False,False,True,,6501,Allegiant Stadium,2439,UNLV Rebels,fbs,Mountain West,,,,1494,,2440,Nevada Wolf Pack,fbs,Mountain West,,,,1435.0,,,,,,2026-11-28 21:00:00-05:00,Saturday,2026-11-28 21:00:00-05:00,,,,,,,2026-11-29,,,False,65000.0
401864547,2026,13,regular,2026-11-29 04:00:00+00:00,False,False,False,False,,7220,Clarence T.C. Ching Athletics Complex,62,Hawaii Rainbow Warriors,fbs,Mountain West,,,,1373,,16,Sacramento State Hornets,fbs,Mid-American,,,,1185.0,,,,,,2026-11-28 23:00:00-05:00,Saturday,2026-11-28 23:00:00-05:00,,,,,,,2026-11-29,,,False,15194.0
401862844,2026,15,regular,2026-12-12 20:00:00+00:00,False,False,True,True,,3839,MetLife Stadium,349,Army West Point Black Knights,fbs,American Athletic,,,,1522,,2426,Navy Midshipmen,fbs,American Athletic,,,,1498.0,,,,,,2026-12-12 15:00:00-05:00,Saturday,2026-12-12 15:00:00-05:00,,,,,,,2026-12-12,,,False,82500.0
